{
	"credit": "End_Rage waz here",
	"textures": {
		"0": "create:block/portable_storage_interface",
		"1": "toms_storage:block/opencrate_top",
		"2": "create:block/girder",
		"3": "toms_storage:block/inventory_cable",
		"particle": "create:block/portable_storage_interface"
	},
	"elements": [
		{
			"from": [2, 2, 2],
			"to": [14, 14, 4],
			"rotation": {"angle": 0, "axis": "y", "origin": [8, 8, 3]},
			"faces": {
				"east": {"uv": [9, 3.5, 15, 4.5], "rotation": 270, "texture": "#0"},
				"south": {"uv": [9, 8.5, 15, 14.5], "texture": "#0"},
				"west": {"uv": [9, 3.5, 15, 4.5], "rotation": 90, "texture": "#0"},
				"up": {"uv": [9, 3.5, 15, 4.5], "rotation": 180, "texture": "#0"},
				"down": {"uv": [9, 3.5, 15, 4.5], "texture": "#0"}
			}
		},
		{
			"from": [2, 2, 0],
			"to": [14, 14, 2],
			"rotation": {"angle": 0, "axis": "y", "origin": [8, 8, 1]},
			"faces": {
				"north": {"uv": [2, 2, 14, 14], "texture": "#1"}
			}
		},
		{
			"from": [14, 0, 0],
			"to": [16, 16, 2],
			"rotation": {"angle": 0, "axis": "y", "origin": [15, 8, 1]},
			"faces": {
				"north": {"uv": [2, 2, 14, 0], "rotation": 270, "texture": "#1"},
				"east": {"uv": [1, 2, 13, 1], "rotation": 90, "texture": "#1"},
				"south": {"uv": [2, 0, 14, 2], "rotation": 270, "texture": "#1"},
				"up": {"uv": [2, 3, 0, 5], "rotation": 180, "texture": "#1"},
				"down": {"uv": [0, 3, 2, 5], "texture": "#1"}
			}
		},
		{
			"from": [0, 0, 0],
			"to": [2, 16, 2],
			"rotation": {"angle": 0, "axis": "y", "origin": [1, 8, 1]},
			"faces": {
				"north": {"uv": [2, 0, 14, 2], "rotation": 270, "texture": "#1"},
				"south": {"uv": [2, 2, 14, 0], "rotation": 270, "texture": "#1"},
				"west": {"uv": [1, 2, 13, 1], "rotation": 90, "texture": "#1"},
				"up": {"uv": [2, 3, 0, 5], "texture": "#1"},
				"down": {"uv": [0, 3, 2, 5], "rotation": 180, "texture": "#1"}
			}
		},
		{
			"from": [2, 14, 0],
			"to": [14, 16, 2],
			"rotation": {"angle": 0, "axis": "z", "origin": [8, 8, 1]},
			"faces": {
				"north": {"uv": [2, 2, 14, 0], "texture": "#1"},
				"east": {"uv": [0, 3, 2, 5], "rotation": 270, "texture": "#1"},
				"south": {"uv": [2, 0, 14, 2], "rotation": 180, "texture": "#1"},
				"west": {"uv": [2, 3, 0, 5], "rotation": 90, "texture": "#1"},
				"up": {"uv": [1, 2, 13, 1], "texture": "#1"}
			}
		},
		{
			"from": [2, 0, 0],
			"to": [14, 2, 2],
			"rotation": {"angle": 0, "axis": "z", "origin": [8, 8, 1]},
			"faces": {
				"north": {"uv": [2, 0, 14, 2], "texture": "#1"},
				"east": {"uv": [0, 3, 2, 5], "rotation": 90, "texture": "#1"},
				"south": {"uv": [2, 2, 14, 0], "rotation": 180, "texture": "#1"},
				"west": {"uv": [2, 3, 0, 5], "rotation": 270, "texture": "#1"},
				"down": {"uv": [1, 2, 13, 1], "texture": "#1"}
			}
		},
		{
			"from": [4, 4, 4],
			"to": [12, 12, 6],
			"rotation": {"angle": 0, "axis": "y", "origin": [8, 8, 3]},
			"faces": {
				"north": {"uv": [10, 9.5, 14, 13.5], "rotation": 180, "texture": "#0"},
				"east": {"uv": [8.5, 14, 12.5, 15], "rotation": 270, "texture": "#0"},
				"south": {"uv": [12, 4, 16, 8], "texture": "#2"},
				"west": {"uv": [8.5, 14, 12.5, 15], "rotation": 90, "texture": "#0"},
				"up": {"uv": [8.5, 14, 12.5, 15], "rotation": 180, "texture": "#0"},
				"down": {"uv": [8.5, 14, 12.5, 15], "texture": "#0"}
			}
		},
		{
			"name": "cable",
			"from": [6, 6, 6],
			"to": [10, 10, 10],
			"faces": {
				"north": {"uv": [6, 6, 10, 10], "texture": "#3"},
				"east": {"uv": [6, 6, 10, 10], "texture": "#3"},
				"south": {"uv": [6, 6, 10, 10], "texture": "#3"},
				"west": {"uv": [6, 6, 10, 10], "texture": "#3"},
				"up": {"uv": [6, 6, 10, 10], "texture": "#3"},
				"down": {"uv": [6, 6, 10, 10], "texture": "#3"}
			}
		}
	],
	"display": {
		"thirdperson_righthand": {
			"rotation": [75, -180, 0],
			"translation": [0, 2.5, 0],
			"scale": [0.375, 0.375, 0.375]
		},
		"thirdperson_lefthand": {
			"rotation": [75, 45, 0],
			"translation": [0, 2.5, 0],
			"scale": [0.375, 0.375, 0.375]
		},
		"firstperson_righthand": {
			"rotation": [0, 225, 0],
			"scale": [0.4, 0.4, 0.4]
		},
		"firstperson_lefthand": {
			"rotation": [0, 225, 0],
			"scale": [0.4, 0.4, 0.4]
		},
		"ground": {
			"translation": [0, 3, 0],
			"scale": [0.25, 0.25, 0.25]
		},
		"gui": {
			"rotation": [30, 45, 0],
			"translation": [2.75, -1, 0],
			"scale": [0.625, 0.625, 0.625]
		},
		"head": {
			"rotation": [0, 180, 0],
			"translation": [0, 0, -13]
		},
		"fixed": {
			"rotation": [0, 180, 0],
			"translation": [0, 0, -3],
			"scale": [0.5, 0.5, 0.5]
		}
	},
	"groups": [
		{
			"name": "group",
			"origin": [8, 17, 8],
			"color": 0,
			"children": [0, 1, 2, 3, 4, 5, 6]
		},
		7,
		{
			"name": "group",
			"origin": [8, 17, 8],
			"color": 0,
			"children": []
		},
		{
			"name": "group",
			"origin": [8, 17, 8],
			"color": 0,
			"children": []
		}
	]
}