{
  "variants": {
    "face=ceiling,facing=east,waterlogged=false": {
      "model": "create:block/smart_fluid_pipe/block",
      "x": 180,
      "y": 90
    },
    "face=ceiling,facing=east,waterlogged=true": {
      "model": "create:block/smart_fluid_pipe/block",
      "x": 180,
      "y": 90
    },
    "face=ceiling,facing=north,waterlogged=false": {
      "model": "create:block/smart_fluid_pipe/block",
      "x": 180
    },
    "face=ceiling,facing=north,waterlogged=true": {
      "model": "create:block/smart_fluid_pipe/block",
      "x": 180
    },
    "face=ceiling,facing=south,waterlogged=false": {
      "model": "create:block/smart_fluid_pipe/block",
      "x": 180,
      "y": 180
    },
    "face=ceiling,facing=south,waterlogged=true": {
      "model": "create:block/smart_fluid_pipe/block",
      "x": 180,
      "y": 180
    },
    "face=ceiling,facing=west,waterlogged=false": {
      "model": "create:block/smart_fluid_pipe/block",
      "x": 180,
      "y": 270
    },
    "face=ceiling,facing=west,waterlogged=true": {
      "model": "create:block/smart_fluid_pipe/block",
      "x": 180,
      "y": 270
    },
    "face=floor,facing=east,waterlogged=false": {
      "model": "create:block/smart_fluid_pipe/block",
      "y": 270
    },
    "face=floor,facing=east,waterlogged=true": {
      "model": "create:block/smart_fluid_pipe/block",
      "y": 270
    },
    "face=floor,facing=north,waterlogged=false": {
      "model": "create:block/smart_fluid_pipe/block",
      "y": 180
    },
    "face=floor,facing=north,waterlogged=true": {
      "model": "create:block/smart_fluid_pipe/block",
      "y": 180
    },
    "face=floor,facing=south,waterlogged=false": {
      "model": "create:block/smart_fluid_pipe/block"
    },
    "face=floor,facing=south,waterlogged=true": {
      "model": "create:block/smart_fluid_pipe/block"
    },
    "face=floor,facing=west,waterlogged=false": {
      "model": "create:block/smart_fluid_pipe/block",
      "y": 90
    },
    "face=floor,facing=west,waterlogged=true": {
      "model": "create:block/smart_fluid_pipe/block",
      "y": 90
    },
    "face=wall,facing=east,waterlogged=false": {
      "model": "create:block/smart_fluid_pipe/block",
      "x": 270,
      "y": 270
    },
    "face=wall,facing=east,waterlogged=true": {
      "model": "create:block/smart_fluid_pipe/block",
      "x": 270,
      "y": 270
    },
    "face=wall,facing=north,waterlogged=false": {
      "model": "create:block/smart_fluid_pipe/block",
      "x": 270,
      "y": 180
    },
    "face=wall,facing=north,waterlogged=true": {
      "model": "create:block/smart_fluid_pipe/block",
      "x": 270,
      "y": 180
    },
    "face=wall,facing=south,waterlogged=false": {
      "model": "create:block/smart_fluid_pipe/block",
      "x": 270
    },
    "face=wall,facing=south,waterlogged=true": {
      "model": "create:block/smart_fluid_pipe/block",
      "x": 270
    },
    "face=wall,facing=west,waterlogged=false": {
      "model": "create:block/smart_fluid_pipe/block",
      "x": 270,
      "y": 90
    },
    "face=wall,facing=west,waterlogged=true": {
      "model": "create:block/smart_fluid_pipe/block",
      "x": 270,
      "y": 90
    }
  }
}