{
	"credit": "Made with Blockbench",
	"textures": {
		"0": "pipez:block/fluid_pipe_rims",
		"2": "pipez:block/fluid_pipe_rims_inner",
		"particle": "pipez:block/fluid_pipe_rims"
	},
	"elements": [
		{
			"from": [10, 3, 10],
			"to": [12, 6, 12],
			"rotation": {"angle": 0, "axis": "y", "origin": [8, 8, 8]},
			"faces": {
				"north": {"uv": [4, 13, 6, 16], "texture": "#2"},
				"east": {"uv": [4, 13, 6, 16], "texture": "#0"},
				"south": {"uv": [10, 13, 12, 16], "texture": "#0"},
				"west": {"uv": [10, 13, 12, 16], "texture": "#2"},
				"down": {"uv": [3, 10, 5, 12], "rotation": 90, "texture": "#2"}
			}
		},
		{
			"from": [4.95, 4.9, 4.95],
			"to": [11.05, 6.15, 11.05],
			"rotation": {"angle": 0, "axis": "y", "origin": [8, 8, 8]},
			"faces": {
				"north": {"uv": [5, 5, 11, 6], "texture": "#2"},
				"east": {"uv": [5, 5, 11, 6], "texture": "#2"},
				"south": {"uv": [5, 5, 11, 6], "texture": "#2"},
				"west": {"uv": [5, 5, 11, 6], "texture": "#2"},
				"up": {"uv": [5, 5, 11, 11], "rotation": 180, "texture": "#2"},
				"down": {"uv": [5, 5, 11, 11], "rotation": 90, "texture": "#2"}
			}
		},
		{
			"from": [10.05, 4.9, 5.95],
			"to": [5.95, 5.95, 10.05],
			"rotation": {"angle": 0, "axis": "y", "origin": [8, 8, 8]},
			"faces": {
				"north": {"uv": [6, 5, 10, 6], "texture": "#2"},
				"east": {"uv": [6, 5, 10, 6], "texture": "#2"},
				"south": {"uv": [6, 5, 10, 6], "texture": "#2"},
				"west": {"uv": [6, 5, 10, 6], "texture": "#2"}
			}
		},
		{
			"from": [4, 4, 10],
			"to": [6, 6, 12],
			"rotation": {"angle": 0, "axis": "y", "origin": [8, 8, 8]},
			"faces": {
				"north": {"uv": [10, 14, 12, 16], "texture": "#2"},
				"east": {"uv": [4, 14, 6, 16], "texture": "#2"},
				"south": {"uv": [4, 14, 6, 16], "texture": "#0"},
				"west": {"uv": [10, 14, 12, 16], "texture": "#0"},
				"down": {"uv": [3, 4, 5, 6], "rotation": 90, "texture": "#2"}
			}
		},
		{
			"from": [4, 2, 4],
			"to": [6, 6, 6],
			"faces": {
				"north": {"uv": [10, 12, 12, 16], "texture": "#0"},
				"east": {"uv": [10, 12, 12, 16], "texture": "#2"},
				"south": {"uv": [4, 12, 6, 16], "texture": "#2"},
				"west": {"uv": [4, 12, 6, 16], "texture": "#0"},
				"down": {"uv": [11, 4, 13, 6], "rotation": 90, "texture": "#2"}
			}
		},
		{
			"from": [10, 4, 4],
			"to": [12, 6, 6],
			"rotation": {"angle": 0, "axis": "y", "origin": [8, 8, 8]},
			"faces": {
				"north": {"uv": [4, 14, 6, 16], "texture": "#0"},
				"east": {"uv": [10, 14, 12, 16], "texture": "#0"},
				"south": {"uv": [10, 14, 12, 16], "texture": "#2"},
				"west": {"uv": [4, 14, 6, 16], "texture": "#2"},
				"down": {"uv": [11, 10, 13, 12], "rotation": 90, "texture": "#2"}
			}
		}
	]
}
