{
	"credit": "Made with Blockbench",
	"parent": "block/block",
	"textures": {
		"3": "create:block/encased_pipe",
		"4": "create:block/copper_gearbox",
		"5": "create:block/hose_pulley_rope",
		"6": "create:block/hose_pulley_magnet",
		"7": "create:block/copper_underside",
		"8": "create:block/copper_plating",
		"particle": "create:block/copper_plating"
	},
	"elements": [
		{
			"name": "side",
			"from": [2, 2, 14],
			"to": [14, 14, 15],
			"rotation": {"angle": 0, "axis": "y", "origin": [8, -8, 8]},
			"faces": {
				"north": {"uv": [2, 2, 14, 14], "texture": "#7"},
				"south": {"uv": [2, 2, 14, 14], "texture": "#4"},
				"down": {"uv": [2, 11, 14, 12], "texture": "#4"}
			}
		},
		{
			"name": "side",
			"from": [0, 0, 0],
			"to": [16, 16, 2],
			"rotation": {"angle": 0, "axis": "y", "origin": [8, -8, 8]},
			"faces": {
				"north": {"uv": [16, 0, 0, 16], "texture": "#3"},
				"south": {"uv": [16, 0, 0, 16], "texture": "#7"}
			}
		},
		{
			"name": "side",
			"from": [3.05, 3.05, -1],
			"to": [12.95, 12.95, 1],
			"rotation": {"angle": 0, "axis": "y", "origin": [8, -8, 8]},
			"faces": {
				"north": {"uv": [13, 3, 3, 13], "texture": "#3"},
				"east": {"uv": [4, 3, 3, 13], "texture": "#3"},
				"west": {"uv": [13, 3, 12, 13], "texture": "#3"},
				"up": {"uv": [3, 3, 13, 4], "rotation": 180, "texture": "#3"},
				"down": {"uv": [3, 12, 13, 13], "texture": "#3"}
			}
		},
		{
			"name": "side_frame",
			"from": [14, 2, 13],
			"to": [16, 14, 16],
			"rotation": {"angle": 0, "axis": "y", "origin": [8, 1, 8]},
			"faces": {
				"north": {"uv": [1, 2, 3, 14], "rotation": 180, "texture": "#7"},
				"east": {"uv": [3, 2, 0, 14], "rotation": 180, "texture": "#3"},
				"south": {"uv": [16, 14, 14, 2], "rotation": 180, "texture": "#4"},
				"west": {"uv": [13, 2, 14, 14], "texture": "#4"}
			}
		},
		{
			"name": "side_frame",
			"from": [0, 2, 13],
			"to": [2, 14, 16],
			"rotation": {"angle": 0, "axis": "y", "origin": [8, 1, 8]},
			"faces": {
				"north": {"uv": [16, 14, 14, 2], "rotation": 180, "texture": "#7"},
				"east": {"uv": [2, 2, 3, 14], "texture": "#4"},
				"south": {"uv": [2, 14, 0, 2], "rotation": 180, "texture": "#4"},
				"west": {"uv": [16, 2, 13, 14], "rotation": 180, "texture": "#3"}
			}
		},
		{
			"name": "side_frame",
			"from": [0, 0, 13],
			"to": [16, 2, 16],
			"rotation": {"angle": 0, "axis": "y", "origin": [8, 1, 8]},
			"faces": {
				"north": {"uv": [0, 14, 16, 16], "texture": "#7"},
				"east": {"uv": [0, 14, 3, 16], "texture": "#3"},
				"south": {"uv": [0, 14, 16, 16], "texture": "#4"},
				"west": {"uv": [13, 14, 16, 16], "texture": "#3"},
				"up": {"uv": [0, 14, 16, 13], "rotation": 180, "texture": "#4"},
				"down": {"uv": [16, 16, 13, 0], "rotation": 90, "texture": "#3"}
			}
		},
		{
			"name": "side_frame",
			"from": [0, 14, 13],
			"to": [16, 16, 16],
			"rotation": {"angle": 0, "axis": "y", "origin": [8, 15, 8]},
			"faces": {
				"north": {"uv": [4, 0, 11, 2], "texture": "#8"},
				"east": {"uv": [3, 2, 0, 0], "rotation": 180, "texture": "#3"},
				"south": {"uv": [16, 2, 0, 0], "rotation": 180, "texture": "#4"},
				"west": {"uv": [16, 2, 13, 0], "rotation": 180, "texture": "#3"},
				"up": {"uv": [16, 16, 13, 0], "rotation": 270, "texture": "#8"},
				"down": {"uv": [0, 3, 16, 2], "rotation": 180, "texture": "#4"}
			}
		},
		{
			"name": "side_frame",
			"from": [0, 0, 0],
			"to": [16, 2, 3],
			"rotation": {"angle": 0, "axis": "y", "origin": [8, 1, 8]},
			"faces": {
				"east": {"uv": [13, 14, 16, 16], "texture": "#3"},
				"south": {"uv": [0, 14, 16, 16], "texture": "#7"},
				"west": {"uv": [0, 14, 3, 16], "texture": "#3"},
				"up": {"uv": [0, 15, 16, 14], "rotation": 180, "texture": "#7"},
				"down": {"uv": [3, 16, 0, 0], "rotation": 90, "texture": "#3"}
			}
		},
		{
			"name": "side_frame",
			"from": [14, 2, 0],
			"to": [16, 14, 3],
			"rotation": {"angle": 0, "axis": "y", "origin": [8, 1, 8]},
			"faces": {
				"east": {"uv": [16, 2, 13, 14], "rotation": 180, "texture": "#3"},
				"south": {"uv": [16, 14, 14, 2], "rotation": 180, "texture": "#7"},
				"west": {"uv": [13, 2, 15, 14], "texture": "#4"},
				"up": {"uv": [2, 14, 0, 16], "texture": "#8"},
				"down": {"uv": [2, 0, 0, 2], "texture": "#8"}
			}
		},
		{
			"name": "side_frame",
			"from": [0, 14, 0],
			"to": [16, 16, 3],
			"rotation": {"angle": 0, "axis": "y", "origin": [8, 15, 8]},
			"faces": {
				"east": {"uv": [16, 2, 13, 0], "rotation": 180, "texture": "#3"},
				"south": {"uv": [4, 0, 11, 2], "texture": "#8"},
				"west": {"uv": [3, 2, 0, 0], "rotation": 180, "texture": "#3"},
				"up": {"uv": [3, 16, 0, 0], "rotation": 270, "texture": "#8"},
				"down": {"uv": [0, 13, 16, 14], "rotation": 180, "texture": "#7"}
			}
		},
		{
			"name": "side_frame",
			"from": [0, 2, 0],
			"to": [2, 14, 3],
			"rotation": {"angle": 0, "axis": "y", "origin": [8, 1, 8]},
			"faces": {
				"east": {"uv": [16, 14, 14, 2], "rotation": 180, "texture": "#4"},
				"south": {"uv": [2, 14, 0, 2], "rotation": 180, "texture": "#7"},
				"west": {"uv": [3, 2, 0, 14], "rotation": 180, "texture": "#3"},
				"up": {"uv": [0, 14, 2, 16], "texture": "#8"},
				"down": {"uv": [0, 0, 2, 2], "texture": "#8"}
			}
		},
		{
			"name": "front",
			"from": [1, 0, 3],
			"to": [3, 2, 13],
			"rotation": {"angle": 0, "axis": "y", "origin": [8, -8, 8]},
			"faces": {
				"north": {"uv": [0, 0, 0, 0], "texture": "#8"},
				"east": {"uv": [3, 14, 13, 16], "texture": "#8"},
				"south": {"uv": [0, 0, 0, 0], "texture": "#8"},
				"west": {"uv": [3, 12, 13, 14], "texture": "#7"},
				"up": {"uv": [3, 14, 13, 12], "rotation": 90, "texture": "#7"},
				"down": {"uv": [3, 1, 13, 3], "rotation": 270, "texture": "#3"}
			}
		},
		{
			"name": "front",
			"from": [13, 0, 3],
			"to": [15, 2, 13],
			"rotation": {"angle": 0, "axis": "y", "origin": [8, -8, 8]},
			"faces": {
				"north": {"uv": [0, 0, 0, 0], "texture": "#8"},
				"east": {"uv": [13, 12, 3, 14], "texture": "#7"},
				"south": {"uv": [0, 0, 0, 0], "texture": "#8"},
				"west": {"uv": [13, 14, 3, 16], "texture": "#8"},
				"up": {"uv": [3, 12, 13, 14], "rotation": 90, "texture": "#7"},
				"down": {"uv": [3, 15, 13, 13], "rotation": 90, "texture": "#3"}
			}
		},
		{
			"name": "top",
			"from": [1, 14, 3],
			"to": [15, 16, 13],
			"rotation": {"angle": 0, "axis": "y", "origin": [8, 10, 8]},
			"faces": {
				"east": {"uv": [13, 0, 3, 2], "texture": "#3"},
				"west": {"uv": [13, 0, 3, 2], "texture": "#3"},
				"up": {"uv": [3, 1, 13, 15], "rotation": 90, "texture": "#8"},
				"down": {"uv": [3, 1, 13, 15], "rotation": 270, "texture": "#7"}
			}
		},
		{
			"name": "coil",
			"from": [4, 4, 2],
			"to": [12, 12, 14],
			"rotation": {"angle": -45, "axis": "z", "origin": [8, 8, 8]},
			"faces": {
				"east": {"uv": [2, 1, 14, 9], "rotation": 180, "texture": "#5"},
				"west": {"uv": [2, 1, 14, 9], "texture": "#5"},
				"up": {"uv": [2, 1, 14, 9], "rotation": 90, "texture": "#5"},
				"down": {"uv": [2, 1, 14, 9], "rotation": 270, "texture": "#5"}
			}
		},
		{
			"name": "coil",
			"from": [3.5, 3.5, 9],
			"to": [12.5, 12.5, 13],
			"rotation": {"angle": -45, "axis": "z", "origin": [8, 8, 8]},
			"faces": {
				"north": {"uv": [0, 0, 1, 1], "texture": "#5"},
				"east": {"uv": [0, 3, 4, 12], "texture": "#5"},
				"south": {"uv": [0, 0, 1, 1], "texture": "#5"},
				"west": {"uv": [0, 3, 4, 12], "rotation": 180, "texture": "#5"},
				"up": {"uv": [0, 3, 4, 12], "rotation": 270, "texture": "#5"},
				"down": {"uv": [0, 3, 4, 12], "rotation": 90, "texture": "#5"}
			}
		},
		{
			"name": "coil",
			"from": [3.5, 3.5, 3],
			"to": [12.5, 12.5, 7],
			"rotation": {"angle": -45, "axis": "z", "origin": [8, 8, 8]},
			"faces": {
				"north": {"uv": [0, 0, 1, 1], "texture": "#5"},
				"east": {"uv": [0, 3, 4, 12], "texture": "#5"},
				"south": {"uv": [0, 0, 1, 1], "texture": "#5"},
				"west": {"uv": [0, 3, 4, 12], "rotation": 180, "texture": "#5"},
				"up": {"uv": [0, 3, 4, 12], "rotation": 270, "texture": "#5"},
				"down": {"uv": [0, 3, 4, 12], "rotation": 90, "texture": "#5"}
			}
		},
		{
			"name": "rope",
			"from": [6, 1, 6],
			"to": [10, 15, 10],
			"rotation": {"angle": 0, "axis": "y", "origin": [8, 13, 7.75]},
			"faces": {
				"north": {"uv": [12, 2, 16, 16], "texture": "#6"},
				"east": {"uv": [12, 2, 16, 16], "texture": "#6"},
				"south": {"uv": [12, 2, 16, 16], "texture": "#6"},
				"west": {"uv": [12, 2, 16, 16], "texture": "#6"},
				"up": {"uv": [12, 0, 16, 4], "rotation": 180, "texture": "#6"}
			}
		},
		{
			"name": "drain 1",
			"from": [4.5, 0, 4.5],
			"to": [11.5, 2, 11.5],
			"rotation": {"angle": 0, "axis": "y", "origin": [10, 14, 6.75]},
			"faces": {
				"north": {"uv": [0, 0, 7, 2], "texture": "#6"},
				"east": {"uv": [0, 0, 7, 2], "texture": "#6"},
				"south": {"uv": [0, 0, 7, 2], "texture": "#6"},
				"west": {"uv": [0, 0, 7, 2], "texture": "#6"},
				"down": {"uv": [0, 2, 7, 9], "rotation": 270, "texture": "#6"}
			}
		},
		{
			"name": "drain 2",
			"from": [4.5, 2, 4.5],
			"to": [11.5, 3, 11.5],
			"rotation": {"angle": 0, "axis": "y", "origin": [10, 16, 6.75]},
			"faces": {
				"north": {"uv": [0, 1, 7, 2], "texture": "#6"},
				"east": {"uv": [0, 1, 7, 2], "texture": "#6"},
				"south": {"uv": [0, 1, 7, 2], "texture": "#6"},
				"west": {"uv": [0, 1, 7, 2], "texture": "#6"},
				"up": {"uv": [0, 2, 7, 9], "rotation": 180, "texture": "#6"},
				"down": {"uv": [0, 9, 7, 16], "rotation": 270, "texture": "#6"}
			}
		},
		{
			"name": "drain 3",
			"from": [5.5, 2, 5.5],
			"to": [10.5, 5, 10.5],
			"rotation": {"angle": 0, "axis": "y", "origin": [9, 16, 7.75]},
			"faces": {
				"north": {"uv": [7, 2, 10, 7], "rotation": 270, "texture": "#6"},
				"east": {"uv": [7, 2, 10, 7], "rotation": 270, "texture": "#6"},
				"south": {"uv": [7, 2, 10, 7], "rotation": 270, "texture": "#6"},
				"west": {"uv": [7, 2, 10, 7], "rotation": 270, "texture": "#6"},
				"up": {"uv": [1, 3, 6, 8], "rotation": 180, "texture": "#6"}
			}
		}
	],
	"display": {
		"thirdperson_righthand": {
			"rotation": [75, 45, 0],
			"translation": [0, 2.5, 0],
			"scale": [0.375, 0.375, 0.375]
		},
		"thirdperson_lefthand": {
			"rotation": [75, 45, 0],
			"translation": [0, 2.5, 0],
			"scale": [0.375, 0.375, 0.375]
		},
		"firstperson_righthand": {
			"rotation": [0, 45, 0],
			"scale": [0.4, 0.4, 0.4]
		},
		"firstperson_lefthand": {
			"rotation": [0, 225, 0],
			"scale": [0.4, 0.4, 0.4]
		},
		"ground": {
			"translation": [0, 3, 0],
			"scale": [0.25, 0.25, 0.25]
		},
		"gui": {
			"rotation": [30, 225, 0],
			"scale": [0.625, 0.625, 0.625]
		},
		"fixed": {
			"scale": [0.5, 0.5, 0.5]
		}
	},
	"groups": [
		0,
		1,
		2,
		3,
		4,
		5,
		6,
		7,
		8,
		9,
		10,
		11,
		12,
		{
			"name": "shaft",
			"origin": [8, 8, 8],
			"color": 0,
			"children": []
		},
		{
			"name": "rope_half_magnet",
			"origin": [8, 8, 8],
			"color": 0,
			"children": []
		},
		13,
		{
			"name": "rope_coil",
			"origin": [8, 8, 8],
			"color": 0,
			"children": [14, 15, 16]
		},
		{
			"name": "pulley_magnet",
			"origin": [8, 8, 8],
			"color": 0,
			"children": [
				{
					"name": "rope_half_magnet",
					"origin": [8, 8, 8],
					"color": 0,
					"children": [17, 18, 19, 20]
				}
			]
		}
	]
}