{
  "multipart": [
    {
      "apply": {
        "model": "tfc:block/grass/silty_loam/bottom",
        "x": 90
      }
    },
    {
      "when": { "snowy": false },
      "apply": [
        { "model": "tfc:block/grass/silty_loam/top", "x": 270, "y": 90 },
        { "model": "tfc:block/grass/silty_loam/top", "x": 270 },
        { "model": "tfc:block/grass/silty_loam/top", "x": 270, "y": 180 },
        { "model": "tfc:block/grass/silty_loam/top", "x": 270, "y": 270 }
      ]
    },
    {
      "when": { "snowy": true },
      "apply": [
        { "model": "tfc:block/grass/silty_loam/snowy_top", "x": 270, "y": 90 },
        { "model": "tfc:block/grass/silty_loam/snowy_top", "x": 270 },
        { "model": "tfc:block/grass/silty_loam/snowy_top", "x": 270, "y": 180 },
        { "model": "tfc:block/grass/silty_loam/snowy_top", "x": 270, "y": 270 }
      ]
    },
    {
      "when": { "north": true, "snowy": false },
      "apply": { "model": "tfc:block/grass/silty_loam/side" }
    },
    {
      "when": { "east": true, "snowy": false },
      "apply": { "model": "tfc:block/grass/silty_loam/side", "y": 90 }
    },
    {
      "when": { "south": true, "snowy": false },
      "apply": { "model": "tfc:block/grass/silty_loam/side", "y": 180 }
    },
    {
      "when": { "west": true, "snowy": false },
      "apply": { "model": "tfc:block/grass/silty_loam/side", "y": 270 }
    },
    {
      "when": { "north": true, "snowy": true },
      "apply": { "model": "tfc:block/grass/silty_loam/snowy_side" }
    },
    {
      "when": { "east": true, "snowy": true },
      "apply": { "model": "tfc:block/grass/silty_loam/snowy_side", "y": 90 }
    },
    {
      "when": { "south": true, "snowy": true },
      "apply": { "model": "tfc:block/grass/silty_loam/snowy_side", "y": 180 }
    },
    {
      "when": { "west": true, "snowy": true },
      "apply": { "model": "tfc:block/grass/silty_loam/snowy_side", "y": 270 }
    },
    {
      "when": { "north": false, "snowy": false },
      "apply": { "model": "tfc:block/grass/silty_loam/side" }
    },
    {
      "when": { "east": false, "snowy": false },
      "apply": { "model": "tfc:block/grass/silty_loam/side", "y": 90 }
    },
    {
      "when": { "south": false, "snowy": false },
      "apply": { "model": "tfc:block/grass/silty_loam/side", "y": 180 }
    },
    {
      "when": { "west": false, "snowy": false },
      "apply": { "model": "tfc:block/grass/silty_loam/side", "y": 270 }
    },
    {
      "when": { "north": false, "snowy": true },
      "apply": { "model": "tfc:block/grass/silty_loam/snowy_side" }
    },
    {
      "when": { "east": false, "snowy": true },
      "apply": { "model": "tfc:block/grass/silty_loam/snowy_side", "y": 90 }
    },
    {
      "when": { "south": false, "snowy": true },
      "apply": { "model": "tfc:block/grass/silty_loam/snowy_side", "y": 180 }
    },
    {
      "when": { "west": false, "snowy": true },
      "apply": { "model": "tfc:block/grass/silty_loam/snowy_side", "y": 270 }
    }
  ]
}
