{
	"credit": "Made with Blockbench",
	"parent": "block/block",
	"ambientocclusion": false,
	"textures": {
		"0": "toms_storage:block/storage_terminal",
		"2": "toms_storage:block/terminal_front",
		"particle": "toms_storage:block/storage_terminal"
	},
	"elements": [
		{
			"from": [4, 14, 2],
			"to": [12, 16, 4],
			"rotation": {"angle": 0, "axis": "x", "origin": [5, 14.5, 3]},
			"faces": {
				"north": {"uv": [7.5, 2, 9.5, 2.5], "texture": "#0"},
				"east": {"uv": [0.5, 8.25, 1, 8.75], "texture": "#0"},
				"south": {"uv": [7.5, 2.5, 9.5, 3], "texture": "#0"},
				"west": {"uv": [1, 8.25, 1.5, 8.75], "texture": "#0"},
				"up": {"uv": [9.5, 3.5, 7.5, 3], "texture": "#0"}
			}
		},
		{
			"from": [1, 1, 1],
			"to": [15, 15, 5],
			"rotation": {"angle": 0, "axis": "y", "origin": [8, 8, 8]},
			"faces": {
				"east": {"uv": [7, 3.5, 8, 7], "texture": "#0"},
				"south": {"uv": [4, 0, 7.5, 3.5], "texture": "#0"},
				"west": {"uv": [7, 7, 8, 10.5], "texture": "#0"},
				"up": {"uv": [11, 1, 7.5, 0], "texture": "#0"},
				"down": {"uv": [11, 1, 7.5, 2], "texture": "#0"}
			}
		},
		{
			"from": [10, 2.5, 5.1],
			"to": [12, 2.5, 6.1],
			"rotation": {"angle": 0, "axis": "x", "origin": [11, 5, 3]},
			"faces": {
				"up": {"uv": [8.5, 7.25, 8, 7], "texture": "#0"},
				"down": {"uv": [8, 6.75, 8.5, 7], "texture": "#0"}
			}
		},
		{
			"from": [9, 1.5, 5],
			"to": [13, 4.5, 6],
			"rotation": {"angle": 0, "axis": "y", "origin": [11, 2, 7]},
			"faces": {
				"east": {"uv": [6.75, 8, 7, 8.75], "texture": "#0"},
				"south": {"uv": [8, 3.75, 9, 4.5], "texture": "#0"},
				"west": {"uv": [8.25, 4.5, 8.5, 5.25], "texture": "#0"},
				"up": {"uv": [2.5, 8.5, 1.5, 8.25], "texture": "#0"},
				"down": {"uv": [3.5, 8.25, 2.5, 8.5], "texture": "#0"}
			}
		},
		{
			"from": [10, -0.5, 6.1],
			"to": [12, 2.5, 6.1],
			"rotation": {"angle": 0, "axis": "y", "origin": [11, 0, 9]},
			"faces": {
				"north": {"uv": [8, 6.75, 8.5, 7.5], "texture": "#0"},
				"south": {"uv": [8, 7.5, 8.5, 8.25], "texture": "#0"}
			}
		},
		{
			"from": [0, 0, 0],
			"to": [16, 16, 1],
			"rotation": {"angle": 0, "axis": "y", "origin": [8, 8, 9]},
			"faces": {
				"north": {"uv": [0, 0, 4, 4], "texture": "#0"},
				"east": {"uv": [0, 8, 0.25, 12], "texture": "#0"},
				"south": {"uv": [0, 4, 4, 8], "texture": "#0"},
				"west": {"uv": [0.25, 8, 0.5, 12], "texture": "#0"},
				"up": {"uv": [4.5, 8.25, 0.5, 8], "texture": "#0"},
				"down": {"uv": [12, 3.5, 8, 3.75], "texture": "#0"}
			}
		},
		{
			"from": [11, 19, 3],
			"to": [12, 22, 3],
			"rotation": {"angle": 0, "axis": "y", "origin": [9, 22, 2]},
			"faces": {
				"north": {"uv": [6.25, 6.5, 6.5, 7.25], "texture": "#0"},
				"south": {"uv": [6.25, 6.5, 6.5, 7.25], "texture": "#0"}
			}
		},
		{
			"from": [4, 19, 3],
			"to": [5, 22, 3],
			"rotation": {"angle": 0, "axis": "y", "origin": [2, 22, 2]},
			"faces": {
				"north": {"uv": [4.5, 6.5, 4.75, 7.25], "texture": "#0"},
				"south": {"uv": [4.5, 6.5, 4.75, 7.25], "texture": "#0"}
			}
		},
		{
			"from": [4, 18, 3],
			"to": [7, 19, 3],
			"rotation": {"angle": 0, "axis": "y", "origin": [2, 22, 2]},
			"faces": {
				"north": {"uv": [4.5, 7.25, 5.25, 7.5], "texture": "#0"},
				"south": {"uv": [4.5, 7.25, 5.25, 7.5], "texture": "#0"}
			}
		},
		{
			"from": [9, 18, 3],
			"to": [12, 19, 3],
			"rotation": {"angle": 0, "axis": "y", "origin": [7, 22, 2]},
			"faces": {
				"north": {"uv": [5.75, 7.25, 6.5, 7.5], "texture": "#0"},
				"south": {"uv": [5.75, 7.25, 6.5, 7.5], "texture": "#0"}
			}
		},
		{
			"from": [4, 22, 3],
			"to": [12, 23, 3],
			"rotation": {"angle": 0, "axis": "y", "origin": [7, 26, 2]},
			"faces": {
				"north": {"uv": [4.5, 6.25, 6.5, 6.5], "texture": "#0"},
				"south": {"uv": [4.5, 6.25, 6.5, 6.5], "texture": "#0"}
			}
		},
		{
			"from": [7, 17, 3],
			"to": [9, 20, 3],
			"rotation": {"angle": 0, "axis": "y", "origin": [7, 19, 2]},
			"faces": {
				"north": {"uv": [5.25, 7, 5.75, 7.75], "texture": "#0"},
				"south": {"uv": [5.25, 7, 5.75, 7.75], "texture": "#0"}
			}
		},
		{
			"from": [2, 16, 3],
			"to": [3, 25, 3],
			"rotation": {"angle": 0, "axis": "y", "origin": [7, 16, 2]},
			"faces": {
				"north": {"uv": [6.75, 5.75, 7, 8], "texture": "#0"},
				"south": {"uv": [4, 5.75, 4.25, 8], "texture": "#0"}
			}
		},
		{
			"from": [3, 16, 3],
			"to": [13, 17, 3],
			"rotation": {"angle": 0, "axis": "z", "origin": [3, 17, 2]},
			"faces": {
				"north": {"uv": [7, 8, 4, 7.75], "rotation": 180, "texture": "#0"},
				"south": {"uv": [7, 8, 4, 7.75], "rotation": 180, "texture": "#0"}
			}
		},
		{
			"from": [3, 24, 3],
			"to": [13, 25, 3],
			"rotation": {"angle": 0, "axis": "z", "origin": [3, 20, 2]},
			"faces": {
				"north": {"uv": [6.75, 5.75, 7, 8], "rotation": 270, "texture": "#0"},
				"south": {"uv": [6.75, 5.75, 7, 8], "rotation": 90, "texture": "#0"}
			}
		},
		{
			"from": [13, 16, 3],
			"to": [14, 25, 3],
			"rotation": {"angle": 0, "axis": "y", "origin": [18, 16, 2]},
			"faces": {
				"north": {"uv": [6.75, 5.75, 7, 8], "texture": "#0"},
				"south": {"uv": [6.75, 5.75, 7, 8], "texture": "#0"}
			}
		},
		{
			"from": [4, 7, 5.05],
			"to": [12, 12, 5.05],
			"rotation": {"angle": 0, "axis": "y", "origin": [8, 9.5, 5.05]},
			"faces": {
				"south": {"uv": [4, 5, 12, 10], "texture": "#2", "cullface": "south"}
			}
		}
	],
	"display": {
		"thirdperson_righthand": {
			"rotation": [75, -45, 0],
			"translation": [0, 2.5, 0],
			"scale": [0.375, 0.375, 0.375]
		},
		"thirdperson_lefthand": {
			"rotation": [75, -45, 0],
			"translation": [0, 2.5, 0],
			"scale": [0.375, 0.375, 0.375]
		},
		"firstperson_righthand": {
			"rotation": [0, -45, 0],
			"scale": [0.4, 0.4, 0.4]
		},
		"firstperson_lefthand": {
			"rotation": [0, -45, 0],
			"scale": [0.4, 0.4, 0.4]
		},
		"ground": {
			"translation": [0, 3, 0],
			"scale": [0.25, 0.25, 0.25]
		},
		"gui": {
			"rotation": [30, 45, 0],
			"translation": [1, -0.5, 0],
			"scale": [0.625, 0.625, 0.625]
		},
		"head": {
			"rotation": [0, 180, 0],
			"translation": [0, 0, -13]
		},
		"fixed": {
			"rotation": [0, 180, 0],
			"translation": [0, 0, -3],
			"scale": [0.5, 0.5, 0.5]
		}
	},
	"groups": [
		0,
		1,
		{
			"name": "group",
			"origin": [8, 7, 9],
			"color": 0,
			"children": [2, 3, 4]
		},
		5,
		{
			"name": "group",
			"origin": [18, 16, 2],
			"color": 0,
			"children": [6, 7, 8, 9, 10, 11, 12, 13, 14, 15]
		},
		16
	]
}