{
	"credit": "Made with Blockbench",
	"texture_size": [32, 32],
	"textures": {
		"0": "create:block/pipes",
		"particle": "create:block/pipes"
	},
	"elements": [
		{
			"name": "connection_up",
			"from": [4, 12, 4],
			"to": [12, 16, 12],
			"rotation": {"angle": 0, "axis": "y", "origin": [16, 0, -16]},
			"faces": {
				"north": {"uv": [0, 0, 4, 2], "texture": "#0"},
				"east": {"uv": [0, 0, 4, 2], "texture": "#0"},
				"south": {"uv": [4, 0, 0, 2], "texture": "#0"},
				"west": {"uv": [4, 0, 0, 2], "texture": "#0"}
			}
		}
	]
}