{
	"credit": "Made with Blockbench",
	"parent": "block/block",
	"textures": {
		"0": "create:block/fluid_tank_top",
		"1": "create:block/fluid_tank",
		"3": "create:block/fluid_tank_window",
		"4": "create:block/fluid_tank_inner",
		"particle": "create:block/fluid_tank"
	},
	"elements": [
		{
			"name": "Lid",
			"from": [0, 12, 0],
			"to": [16, 16, 16],
			"rotation": {"angle": 0, "axis": "y", "origin": [8, 8, -23]},
			"faces": {
				"north": {"uv": [0, 0, 16, 4], "texture": "#1", "cullface": "north"},
				"east": {"uv": [0, 0, 16, 4], "texture": "#1", "cullface": "east"},
				"south": {"uv": [0, 0, 16, 4], "texture": "#1", "cullface": "south"},
				"west": {"uv": [0, 0, 16, 4], "texture": "#1", "cullface": "west"},
				"up": {"uv": [0, 0, 16, 16], "texture": "#0", "cullface": "up"},
				"down": {"uv": [0, 0, 16, 16], "texture": "#4"}
			}
		},
		{
			"name": "SideRight",
			"from": [0, 0, 0],
			"to": [4, 12, 1],
			"rotation": {"angle": 0, "axis": "y", "origin": [8, 8, -23]},
			"faces": {
				"north": {"uv": [12, 4, 16, 16], "texture": "#1", "cullface": "north"},
				"east": {"uv": [0, 4, 1, 16], "texture": "#1", "cullface": "north"},
				"south": {"uv": [0, 4, 4, 16], "texture": "#1", "cullface": "north"}
			}
		},
		{
			"name": "SideRight",
			"from": [15, 0, 0],
			"to": [16, 12, 4],
			"faces": {
				"east": {"uv": [12, 4, 16, 16], "texture": "#1", "cullface": "east"},
				"south": {"uv": [0, 4, 1, 16], "texture": "#1", "cullface": "east"},
				"west": {"uv": [0, 4, 4, 16], "texture": "#1", "cullface": "east"}
			}
		},
		{
			"name": "SideRight",
			"from": [12, 0, 15],
			"to": [16, 12, 16],
			"faces": {
				"north": {"uv": [0, 4, 4, 16], "texture": "#1", "cullface": "south"},
				"south": {"uv": [12, 4, 16, 16], "texture": "#1", "cullface": "south"},
				"west": {"uv": [0, 4, 1, 16], "texture": "#1", "cullface": "south"}
			}
		},
		{
			"name": "SideRight",
			"from": [0, 0, 12],
			"to": [1, 12, 16],
			"faces": {
				"north": {"uv": [0, 4, 1, 16], "texture": "#1", "cullface": "west"},
				"east": {"uv": [0, 4, 4, 16], "texture": "#1", "cullface": "west"},
				"west": {"uv": [12, 4, 16, 16], "texture": "#1", "cullface": "west"}
			}
		},
		{
			"name": "Window",
			"from": [4, 0, 0.95],
			"to": [12, 12, 0.95],
			"rotation": {"angle": 0, "axis": "y", "origin": [8, 8, -23]},
			"faces": {
				"north": {"uv": [0, 0, 8, 12], "texture": "#3", "cullface": "north"},
				"south": {"uv": [0, 0, 8, 12], "texture": "#3", "cullface": "north"}
			}
		},
		{
			"name": "Window",
			"from": [15.05, 0, 4],
			"to": [15.05, 12, 12],
			"faces": {
				"east": {"uv": [0, 0, 8, 12], "texture": "#3", "cullface": "east"},
				"west": {"uv": [0, 0, 8, 12], "texture": "#3", "cullface": "east"}
			}
		},
		{
			"name": "Window",
			"from": [4, 0, 15.05],
			"to": [12, 12, 15.05],
			"faces": {
				"north": {"uv": [0, 0, 8, 12], "texture": "#3", "cullface": "south"},
				"south": {"uv": [0, 0, 8, 12], "texture": "#3", "cullface": "south"}
			}
		},
		{
			"name": "Window",
			"from": [0.95, 0, 4],
			"to": [0.95, 12, 12],
			"faces": {
				"east": {"uv": [0, 0, 8, 12], "texture": "#3", "cullface": "west"},
				"west": {"uv": [0, 0, 8, 12], "texture": "#3", "cullface": "west"}
			}
		},
		{
			"name": "SideLeft",
			"from": [12, 0, 0],
			"to": [16, 12, 1],
			"rotation": {"angle": 0, "axis": "y", "origin": [8, 8, -23]},
			"faces": {
				"north": {"uv": [0, 4, 4, 16], "texture": "#1", "cullface": "north"},
				"south": {"uv": [12, 4, 16, 16], "texture": "#1", "cullface": "north"},
				"west": {"uv": [15, 4, 16, 16], "texture": "#1", "cullface": "north"}
			}
		},
		{
			"name": "SideLeft",
			"from": [15, 0, 12],
			"to": [16, 12, 16],
			"faces": {
				"north": {"uv": [15, 4, 16, 16], "texture": "#1", "cullface": "east"},
				"east": {"uv": [0, 4, 4, 16], "texture": "#1", "cullface": "east"},
				"west": {"uv": [12, 4, 16, 16], "texture": "#1", "cullface": "east"}
			}
		},
		{
			"name": "SideLeft",
			"from": [0, 0, 15],
			"to": [4, 12, 16],
			"faces": {
				"north": {"uv": [12, 4, 16, 16], "texture": "#1", "cullface": "south"},
				"east": {"uv": [15, 4, 16, 16], "texture": "#1", "cullface": "south"},
				"south": {"uv": [0, 4, 4, 16], "texture": "#1", "cullface": "south"}
			}
		},
		{
			"name": "SideLeft",
			"from": [0, 0, 0],
			"to": [1, 12, 4],
			"faces": {
				"east": {"uv": [12, 4, 16, 16], "texture": "#1", "cullface": "west"},
				"south": {"uv": [15, 4, 16, 16], "texture": "#1", "cullface": "west"},
				"west": {"uv": [0, 4, 4, 16], "texture": "#1", "cullface": "west"}
			}
		}
	],
	"groups": [
		{
			"name": "tank",
			"origin": [8, 8, -23],
			"color": 0,
			"children": [0, 1, 2, 3, 4, 5, 6, 7, 8, 9, 10, 11, 12]
		}
	]
}