{
	"credit": "Made with Blockbench",
	"textures": {
		"0": "create:block/whistle",
		"1": "create:block/engine",
		"2": "create:block/copper_redstone_plate",
		"particle": "create:block/whistle_particle"
	},
	"elements": [
		{
			"name": "Base",
			"from": [1, 0, 1],
			"to": [15, 3, 15],
			"faces": {
				"north": {"uv": [1, 13, 15, 16], "texture": "#2"},
				"east": {"uv": [1, 13, 15, 16], "texture": "#2"},
				"south": {"uv": [1, 13, 15, 16], "texture": "#2"},
				"west": {"uv": [1, 13, 15, 16], "texture": "#2"},
				"up": {"uv": [1, 0, 15, 14], "texture": "#2"},
				"down": {"uv": [8.5, 8.5, 15.5, 15.5], "texture": "#1"}
			}
		},
		{
			"name": "Pipe Medium",
			"from": [5, 3, 5],
			"to": [11, 11, 11],
			"faces": {
				"north": {"uv": [2.5, 2.5, 5.5, 6.5], "texture": "#1"},
				"east": {"uv": [2.5, 2.5, 5.5, 6.5], "texture": "#1"},
				"south": {"uv": [2.5, 2.5, 5.5, 6.5], "texture": "#1"},
				"west": {"uv": [2.5, 2.5, 5.5, 6.5], "texture": "#1"},
				"up": {"uv": [7.5, 1, 10.5, 4], "texture": "#1"}
			}
		},
		{
			"name": "Whistle Medium Base",
			"from": [4, 4, 4],
			"to": [12, 16, 12],
			"faces": {
				"north": {"uv": [5, 4.5, 7, 7.5], "texture": "#0"},
				"east": {"uv": [9, 4.5, 11, 7.5], "texture": "#0"},
				"south": {"uv": [9, 4.5, 11, 7.5], "texture": "#0"},
				"west": {"uv": [9, 4.5, 11, 7.5], "texture": "#0"},
				"down": {"uv": [13, 13, 15, 15], "texture": "#0"}
			}
		},
		{
			"name": "Whistle Medium Cap",
			"from": [3, 16, 3],
			"to": [13, 18, 13],
			"faces": {
				"north": {"uv": [12.75, 4.75, 15.25, 5.25], "texture": "#0"},
				"east": {"uv": [12.75, 4.75, 15.25, 5.25], "texture": "#0"},
				"south": {"uv": [12.75, 4.75, 15.25, 5.25], "texture": "#0"},
				"west": {"uv": [12.75, 4.75, 15.25, 5.25], "texture": "#0"},
				"up": {"uv": [4.75, 12.75, 7.25, 15.25], "texture": "#0"},
				"down": {"uv": [12.75, 12.75, 15.25, 15.25], "texture": "#0"}
			}
		},
		{
			"name": "Centre",
			"from": [6, 7, 3.5],
			"to": [10, 12, 5],
			"faces": {
				"north": {"uv": [1.5, 4, 2.5, 5.25], "texture": "#0"},
				"up": {"uv": [13.5, 14.5, 14.5, 15], "rotation": 180, "texture": "#0"},
				"down": {"uv": [5, 5.5, 5.5, 6], "texture": "#0"}
			}
		},
		{
			"name": "Back",
			"from": [6, 5, 5],
			"to": [10, 12, 12.5],
			"faces": {
				"north": {"uv": [5, 5.5, 5.5, 6], "texture": "#0"},
				"south": {"uv": [1.5, 6, 2.5, 7.75], "texture": "#0"},
				"up": {"uv": [13.5, 12.75, 14.5, 14.75], "rotation": 180, "texture": "#0"},
				"down": {"uv": [5, 5.5, 5.5, 6], "texture": "#0"}
			}
		},
		{
			"name": "Left",
			"from": [3.5, 5, 3.5],
			"to": [6, 12, 12.5],
			"faces": {
				"north": {"uv": [2.5, 4, 3, 5.75], "texture": "#0"},
				"east": {"uv": [5, 5.5, 5.5, 6], "texture": "#0"},
				"south": {"uv": [1, 6, 1.5, 7.75], "texture": "#0"},
				"west": {"uv": [1, 6, 3, 7.75], "texture": "#0"},
				"up": {"uv": [14.5, 13, 15, 15], "rotation": 180, "texture": "#0"},
				"down": {"uv": [5, 5.5, 5.5, 6], "texture": "#0"}
			}
		},
		{
			"name": "Right",
			"from": [10, 5, 3.5],
			"to": [12.5, 12, 12.5],
			"faces": {
				"north": {"uv": [1, 4, 1.5, 5.75], "texture": "#0"},
				"east": {"uv": [1, 6, 3, 7.75], "texture": "#0"},
				"south": {"uv": [2.5, 6, 3, 7.75], "texture": "#0"},
				"west": {"uv": [5.5, 1.5, 5, 2], "texture": "#0"},
				"up": {"uv": [13, 13, 13.5, 15], "rotation": 180, "texture": "#0"},
				"down": {"uv": [5, 1.5, 5.5, 2], "texture": "#0"}
			}
		}
	],
	"display": {
		"thirdperson_righthand": {
			"rotation": [75, 45, 0],
			"translation": [0, 2.5, 0],
			"scale": [0.375, 0.375, 0.375]
		},
		"thirdperson_lefthand": {
			"rotation": [75, 45, 0],
			"translation": [0, 2.5, 0],
			"scale": [0.375, 0.375, 0.375]
		},
		"firstperson_righthand": {
			"rotation": [0, 45, 0],
			"scale": [0.4, 0.4, 0.4]
		},
		"firstperson_lefthand": {
			"rotation": [0, 225, 0],
			"scale": [0.4, 0.4, 0.4]
		},
		"ground": {
			"translation": [0, 3, 0],
			"scale": [0.25, 0.25, 0.25]
		},
		"gui": {
			"rotation": [30, 225, 0],
			"scale": [0.625, 0.625, 0.625]
		},
		"head": {
			"translation": [0, 13, 0]
		},
		"fixed": {
			"scale": [0.5, 0.5, 0.5]
		}
	},
	"groups": [
		{
			"name": "Bases",
			"origin": [0, 0, 0],
			"color": 0,
			"children": [
				{
					"name": "Base Flat",
					"origin": [0, 0, 0],
					"color": 3,
					"children": [0, 1]
				}
			]
		},
		{
			"name": "Whistle Medium",
			"origin": [8, 8, 8],
			"color": 0,
			"children": [
				2,
				3,
				{
					"name": "Whistle Medium Mouth",
					"origin": [8, 8, 8],
					"color": 0,
					"children": [4, 5, 6, 7]
				},
				{
					"name": "Extension",
					"origin": [8, 8, 8],
					"color": 0,
					"children": []
				}
			]
		}
	]
}