{
	"credit": "Made with Blockbench",
	"parent": "block/block",
	"textures": {
		"0": "create:block/fluid_tank_top",
		"1": "create:block/fluid_tank",
		"3": "create:block/fluid_tank_window",
		"4": "create:block/fluid_tank_inner",
		"particle": "create:block/fluid_tank"
	},
	"elements": [
		{
			"name": "SideRight",
			"from": [15, 4, 0],
			"to": [16, 16, 12],
			"faces": {
				"east": {"uv": [4, 0, 16, 12], "texture": "#1"},
				"south": {"uv": [4, 0, 5, 12], "texture": "#1"},
				"west": {"uv": [0, 0, 12, 12], "texture": "#1"}
			}
		},
		{
			"name": "Window",
			"from": [0, 4, 0.95],
			"to": [4, 16, 0.95],
			"faces": {
				"north": {"uv": [0, 4, 4, 16], "texture": "#3"},
				"south": {"uv": [4, 4, 8, 16], "texture": "#3"}
			}
		},
		{
			"name": "Window",
			"from": [15.05, 4, 12],
			"to": [15.05, 16, 16],
			"faces": {
				"east": {"uv": [4, 4, 8, 16], "texture": "#3"},
				"west": {"uv": [0, 4, 4, 16], "texture": "#3"}
			}
		},
		{
			"name": "SideLeft",
			"from": [4, 4, 0],
			"to": [16, 16, 1],
			"faces": {
				"north": {"uv": [0, 0, 12, 12], "texture": "#1"},
				"south": {"uv": [4, 0, 16, 12], "texture": "#1"},
				"west": {"uv": [11, 0, 12, 12], "texture": "#1"}
			}
		},
		{
			"name": "Bottom",
			"from": [0, 0, 0],
			"to": [16, 4, 16],
			"rotation": {"angle": 0, "axis": "y", "origin": [-23, 8, 8]},
			"faces": {
				"north": {"uv": [0, 12, 16, 16], "texture": "#1"},
				"east": {"uv": [0, 12, 16, 16], "texture": "#1"},
				"south": {"uv": [0, 12, 16, 16], "texture": "#1"},
				"west": {"uv": [0, 12, 16, 16], "texture": "#1"},
				"up": {"uv": [0, 0, 16, 16], "texture": "#4"},
				"down": {"uv": [0, 0, 16, 16], "texture": "#0", "cullface": "down"}
			}
		}
	],
	"groups": [
		{
			"name": "tank",
			"origin": [8, 8, -23],
			"color": 0,
			"children": [0, 1, 2, 3, 4]
		}
	]
}