{
	"credit": "Made with Blockbench",
	"elements": [
		{
			"from": [8, 0, 0],
			"to": [8, 16, 16],
			"faces": {
				"east": {"uv": [16, 0, 0, 16], "texture": "#bars"},
				"west": {"uv": [0, 0, 16, 16], "texture": "#bars"}
			}
		},
		{
			"from": [7, 0, 15.95],
			"to": [9, 16, 16],
			"faces": {
				"north": {"uv": [9, 16, 7, 0], "texture": "#bars"},
				"south": {"uv": [7, 16, 9, 0], "texture": "#bars"}
			}
		},
		{
			"from": [7, 0, 0],
			"to": [9, 16, 0.05],
			"faces": {
				"north": {"uv": [7, 16, 9, 0], "texture": "#bars"},
				"south": {"uv": [9, 16, 7, 0], "texture": "#bars"}
			}
		},
		{
			"from": [7, 15.95, 0],
			"to": [9, 16, 16],
			"faces": {
				"up": {"uv": [7, 0, 9, 16], "rotation": 180, "texture": "#edge"},
				"down": {"uv": [7, 16, 9, 0], "rotation": 180, "texture": "#edge"}
			}
		},
		{
			"from": [7, 0, 0],
			"to": [9, 0.05, 16],
			"faces": {
				"up": {"uv": [7, 16, 9, 0], "rotation": 180, "texture": "#edge"},
				"down": {"uv": [7, 0, 9, 16], "rotation": 180, "texture": "#edge"}
			}
		}
	],
	"gui_light": "front",
	"display": {
		"thirdperson_righthand": {
			"rotation": [75, 45, 0],
			"translation": [0, 2.5, 0],
			"scale": [0.375, 0.375, 0.375]
		},
		"thirdperson_lefthand": {
			"rotation": [75, 45, 0],
			"translation": [0, 2.5, 0],
			"scale": [0.375, 0.375, 0.375]
		},
		"firstperson_righthand": {
			"rotation": [0, 45, 0],
			"scale": [0.4, 0.4, 0.4]
		},
		"firstperson_lefthand": {
			"rotation": [0, 225, 0],
			"scale": [0.4, 0.4, 0.4]
		},
		"ground": {
			"translation": [0, 3, 0],
			"scale": [0.25, 0.25, 0.25]
		},
		"gui": {
			"rotation": [0, 90, 0],
			"scale": [0, 1, 1]
		},
		"fixed": {
			"rotation": [0, 270, 0],
			"scale": [0.5, 0.5, 0.5]
		}
	}
}