{
	"credit": "Model generated using MrCrayfish's Model Creator (https://mrcrayfish.com/tools?id=mc)",
	"textures": {
		"1": "gearbox:block/brass_press/head2",
		"particle": "gearbox:block/brass_press/head2",
		"mechanical_press_head": "gearbox:block/brass_press/head"
	},
	"elements": [
		{
			"name": "Head",
			"from": [3, 1, 3],
			"to": [13, 4, 13],
			"faces": {
				"north": {"uv": [1, 0, 11, 3], "texture": "#mechanical_press_head"},
				"east": {"uv": [1, 0, 11, 3], "texture": "#mechanical_press_head"},
				"south": {"uv": [1, 0, 11, 3], "texture": "#mechanical_press_head"},
				"west": {"uv": [1, 0, 11, 3], "texture": "#mechanical_press_head"},
				"up": {"uv": [1, 5, 11, 15], "rotation": 180, "texture": "#mechanical_press_head"},
				"down": {"uv": [1, 5, 11, 15], "rotation": 180, "texture": "#mechanical_press_head"}
			}
		},
		{
			"name": "Head",
			"from": [3, 4, 3],
			"to": [13, 5, 13],
			"rotation": {"angle": 0, "axis": "y", "origin": [0, 3, 0]},
			"faces": {
				"north": {"uv": [0, 5, 5, 5.5], "texture": "#1"},
				"east": {"uv": [0, 5, 5, 5.5], "texture": "#1"},
				"south": {"uv": [0, 5, 5, 5.5], "texture": "#1"},
				"west": {"uv": [0, 5, 5, 5.5], "texture": "#1"},
				"up": {"uv": [0, 0, 5, 5], "rotation": 180, "texture": "#1"},
				"down": {"uv": [1, 5, 11, 15], "rotation": 180, "texture": "#mechanical_press_head"}
			}
		},
		{
			"name": "Head",
			"from": [3, 0, 3],
			"to": [13, 1, 5],
			"faces": {
				"north": {"uv": [1, 3, 11, 4], "texture": "#mechanical_press_head"},
				"east": {"uv": [9, 3, 11, 4], "texture": "#mechanical_press_head"},
				"south": {"uv": [1, 0, 11, 1], "texture": "#mechanical_press_head"},
				"west": {"uv": [1, 3, 3, 4], "texture": "#mechanical_press_head"},
				"up": {"uv": [1, 5, 11, 7], "rotation": 180, "texture": "#mechanical_press_head"},
				"down": {"uv": [1, 5, 11, 7], "rotation": 180, "texture": "#mechanical_press_head"}
			}
		},
		{
			"name": "pixel1",
			"from": [10, 0, 5],
			"to": [11, 1, 6],
			"faces": {
				"north": {"uv": [1, 5, 2, 6], "texture": "#mechanical_press_head"},
				"east": {"uv": [1, 5, 2, 6], "texture": "#mechanical_press_head"},
				"south": {"uv": [1, 5, 2, 6], "texture": "#mechanical_press_head"},
				"west": {"uv": [1, 5, 2, 6], "texture": "#mechanical_press_head"},
				"up": {"uv": [1, 5, 2, 6], "rotation": 180, "texture": "#mechanical_press_head"},
				"down": {"uv": [3, 7, 4, 8], "rotation": 180, "texture": "#mechanical_press_head"}
			}
		},
		{
			"name": "pixel2",
			"from": [10, 0, 10],
			"to": [11, 1, 11],
			"faces": {
				"north": {"uv": [1, 5, 2, 6], "texture": "#mechanical_press_head"},
				"east": {"uv": [1, 5, 2, 6], "texture": "#mechanical_press_head"},
				"south": {"uv": [1, 5, 2, 6], "texture": "#mechanical_press_head"},
				"west": {"uv": [1, 5, 2, 6], "texture": "#mechanical_press_head"},
				"up": {"uv": [1, 5, 2, 6], "rotation": 180, "texture": "#mechanical_press_head"},
				"down": {"uv": [3, 7, 4, 8], "rotation": 180, "texture": "#mechanical_press_head"}
			}
		},
		{
			"name": "pixel3",
			"from": [5, 0, 10],
			"to": [6, 1, 11],
			"faces": {
				"north": {"uv": [1, 5, 2, 6], "texture": "#mechanical_press_head"},
				"east": {"uv": [1, 5, 2, 6], "texture": "#mechanical_press_head"},
				"south": {"uv": [1, 5, 2, 6], "texture": "#mechanical_press_head"},
				"west": {"uv": [1, 5, 2, 6], "texture": "#mechanical_press_head"},
				"up": {"uv": [1, 5, 2, 6], "rotation": 180, "texture": "#mechanical_press_head"},
				"down": {"uv": [3, 7, 4, 8], "rotation": 180, "texture": "#mechanical_press_head"}
			}
		},
		{
			"name": "pixel4",
			"from": [5, 0, 5],
			"to": [6, 1, 6],
			"faces": {
				"north": {"uv": [1, 5, 2, 6], "texture": "#mechanical_press_head"},
				"east": {"uv": [1, 5, 2, 6], "texture": "#mechanical_press_head"},
				"south": {"uv": [1, 5, 2, 6], "texture": "#mechanical_press_head"},
				"west": {"uv": [1, 5, 2, 6], "texture": "#mechanical_press_head"},
				"up": {"uv": [1, 5, 2, 6], "rotation": 180, "texture": "#mechanical_press_head"},
				"down": {"uv": [3, 7, 4, 8], "rotation": 180, "texture": "#mechanical_press_head"}
			}
		},
		{
			"name": "Head",
			"from": [3, 0, 11],
			"to": [13, 1, 13],
			"faces": {
				"north": {"uv": [1, 3, 11, 4], "texture": "#mechanical_press_head"},
				"east": {"uv": [1, 3, 3, 4], "texture": "#mechanical_press_head"},
				"south": {"uv": [1, 3, 11, 4], "texture": "#mechanical_press_head"},
				"west": {"uv": [1, 3, 3, 4], "texture": "#mechanical_press_head"},
				"up": {"uv": [1, 13, 11, 15], "rotation": 180, "texture": "#mechanical_press_head"},
				"down": {"uv": [1, 13, 11, 15], "rotation": 180, "texture": "#mechanical_press_head"}
			}
		},
		{
			"name": "Head",
			"from": [3, 0, 5],
			"to": [5, 1, 11],
			"faces": {
				"north": {"uv": [9, 3, 11, 4], "texture": "#mechanical_press_head"},
				"east": {"uv": [3, 3, 9, 4], "texture": "#mechanical_press_head"},
				"south": {"uv": [1, 3, 3, 4], "texture": "#mechanical_press_head"},
				"west": {"uv": [3, 3, 9, 4], "texture": "#mechanical_press_head"},
				"up": {"uv": [9, 7, 11, 13], "rotation": 180, "texture": "#mechanical_press_head"},
				"down": {"uv": [9, 7, 11, 13], "rotation": 180, "texture": "#mechanical_press_head"}
			}
		},
		{
			"name": "Head",
			"from": [11, 0, 5],
			"to": [13, 1, 11],
			"faces": {
				"north": {"uv": [9, 3, 11, 4], "texture": "#mechanical_press_head"},
				"east": {"uv": [3, 3, 9, 4], "texture": "#mechanical_press_head"},
				"south": {"uv": [1, 3, 3, 4], "texture": "#mechanical_press_head"},
				"west": {"uv": [3, 3, 9, 4], "texture": "#mechanical_press_head"},
				"up": {"uv": [1, 7, 3, 13], "rotation": 180, "texture": "#mechanical_press_head"},
				"down": {"uv": [1, 7, 3, 13], "rotation": 180, "texture": "#mechanical_press_head"}
			}
		},
		{
			"name": "clip",
			"from": [6, -1, 1.5],
			"to": [10, 4, 3.5],
			"rotation": {"angle": 0, "axis": "x", "origin": [8, 9, 8]},
			"faces": {
				"north": {"uv": [5.5, 2.5, 7.5, 5], "texture": "#1"},
				"east": {"uv": [5.5, 2.5, 7.5, 5], "texture": "#1"},
				"south": {"uv": [5.5, 2.5, 7.5, 5], "texture": "#1"},
				"west": {"uv": [5.5, 2.5, 7.5, 5], "texture": "#1"},
				"up": {"uv": [5.5, 3.5, 7.5, 4.5], "rotation": 180, "texture": "#1"},
				"down": {"uv": [5.5, 3.5, 7.5, 4.5], "rotation": 180, "texture": "#1"}
			}
		},
		{
			"name": "clip",
			"from": [1.5, -1, 6],
			"to": [3.5, 4, 10],
			"rotation": {"angle": 0, "axis": "x", "origin": [8, 9, 8]},
			"faces": {
				"north": {"uv": [5.5, 2.5, 7.5, 5], "texture": "#1"},
				"east": {"uv": [5.5, 2.5, 7.5, 5], "texture": "#1"},
				"south": {"uv": [5.5, 2.5, 7.5, 5], "texture": "#1"},
				"west": {"uv": [5.5, 2.5, 7.5, 5], "texture": "#1"},
				"up": {"uv": [5.5, 3.5, 7.5, 4.5], "rotation": 90, "texture": "#1"},
				"down": {"uv": [5.5, 3.5, 7.5, 4.5], "rotation": 90, "texture": "#1"}
			}
		},
		{
			"name": "clip",
			"from": [12.5, -1, 6],
			"to": [14.5, 4, 10],
			"rotation": {"angle": 0, "axis": "x", "origin": [8, 9, 8]},
			"faces": {
				"north": {"uv": [5.5, 2.5, 7.5, 5], "texture": "#1"},
				"east": {"uv": [5.5, 2.5, 7.5, 5], "texture": "#1"},
				"south": {"uv": [5.5, 2.5, 7.5, 5], "texture": "#1"},
				"west": {"uv": [5.5, 2.5, 7.5, 5], "texture": "#1"},
				"up": {"uv": [5.5, 3.5, 7.5, 4.5], "rotation": 90, "texture": "#1"},
				"down": {"uv": [5.5, 3.5, 7.5, 4.5], "rotation": 90, "texture": "#1"}
			}
		},
		{
			"name": "clip",
			"from": [6, -1, 12.5],
			"to": [10, 4, 14.5],
			"rotation": {"angle": 0, "axis": "x", "origin": [8, 9, 8]},
			"faces": {
				"north": {"uv": [5.5, 2.5, 7.5, 5], "texture": "#1"},
				"east": {"uv": [5.5, 2.5, 7.5, 5], "texture": "#1"},
				"south": {"uv": [5.5, 2.5, 7.5, 5], "texture": "#1"},
				"west": {"uv": [5.5, 2.5, 7.5, 5], "texture": "#1"},
				"up": {"uv": [5.5, 3.5, 7.5, 4.5], "rotation": 180, "texture": "#1"},
				"down": {"uv": [5.5, 3.5, 7.5, 4.5], "rotation": 180, "texture": "#1"}
			}
		}
	],
	"groups": [
		{
			"name": "group",
			"origin": [0, 0, 0],
			"color": 0,
			"children": [0, 1, 2, 3, 4, 5, 6, 7, 8, 9]
		},
		{
			"name": "clip",
			"origin": [8, 8, 8],
			"color": 0,
			"children": [10, 11, 12, 13]
		}
	]
}