{
	"credit": "Made with Blockbench",
	"parent": "block/block",
	"textures": {
		"0": "create:block/axis",
		"1": "create:block/axis_top",
		"7": "gearbox:block/brass_press/head",
		"8": "gearbox:block/brass_press/side",
		"9": "gearbox:block/brass_press/gearbox",
		"10": "gearbox:block/brass_press/head2",
		"particle": "gearbox:block/brass_press/side",
		"mechanical_press_pole": "gearbox:block/brass_press/pole",
		"mechanical_press_top": "gearbox:block/brass_press/top",
		"mechanical_press_bottom": "gearbox:block/brass_press/bottom"
	},
	"elements": [
		{
			"name": "Top",
			"from": [0, 18, 0],
			"to": [16, 20, 16],
			"faces": {
				"north": {"uv": [0, 0, 16, 2], "texture": "#mechanical_press_top"},
				"east": {"uv": [0, 0, 16, 2], "texture": "#8"},
				"south": {"uv": [0, 0, 16, 2], "texture": "#mechanical_press_top"},
				"west": {"uv": [0, 0, 16, 2], "texture": "#8"},
				"up": {"uv": [0, 0, 16, 16], "rotation": 180, "texture": "#mechanical_press_top"},
				"down": {"uv": [0, 0, 16, 16], "rotation": 180, "texture": "#mechanical_press_top"}
			}
		},
		{
			"name": "Core",
			"from": [2, 8, 1],
			"to": [14, 18, 15],
			"faces": {
				"north": {"uv": [2, 2, 14, 12], "texture": "#9"},
				"south": {"uv": [2, 2, 14, 12], "texture": "#9"},
				"down": {"uv": [2, 1, 14, 15], "rotation": 180, "texture": "#mechanical_press_bottom"}
			}
		},
		{
			"name": "Side",
			"from": [14, 6, 0],
			"to": [16, 18, 16],
			"faces": {
				"north": {"uv": [0, 2, 2, 14], "texture": "#9"},
				"east": {"uv": [0, 2, 16, 14], "texture": "#8"},
				"south": {"uv": [14, 4, 16, 16], "texture": "#9"},
				"west": {"uv": [0, 2, 16, 14], "texture": "#8"},
				"down": {"uv": [0, 0, 2, 16], "rotation": 180, "texture": "#9"}
			}
		},
		{
			"name": "Side",
			"from": [0, 6, 0],
			"to": [2, 18, 16],
			"faces": {
				"north": {"uv": [14, 4, 16, 16], "texture": "#9"},
				"east": {"uv": [0, 2, 16, 14], "texture": "#8"},
				"south": {"uv": [0, 4, 2, 16], "texture": "#9"},
				"west": {"uv": [0, 2, 16, 14], "texture": "#8"},
				"down": {"uv": [14, 0, 16, 16], "rotation": 180, "texture": "#9"}
			}
		},
		{
			"name": "Pole1Core",
			"from": [6, 4, 6],
			"to": [10, 14, 10],
			"faces": {
				"east": {"uv": [6, 6, 10, 16], "texture": "#mechanical_press_pole"},
				"west": {"uv": [6, 6, 10, 16], "texture": "#mechanical_press_pole"}
			}
		},
		{
			"name": "Pole2Core",
			"from": [6, 14, 6],
			"to": [10, 27, 10],
			"faces": {
				"east": {"uv": [6, 0, 10, 13], "texture": "#mechanical_press_pole"},
				"west": {"uv": [6, 0, 10, 13], "texture": "#mechanical_press_pole"},
				"up": {"uv": [11, 1, 15, 5], "rotation": 180, "texture": "#mechanical_press_pole"}
			}
		},
		{
			"name": "Pole1Side",
			"from": [5, 4, 5],
			"to": [11, 14, 6],
			"faces": {
				"north": {"uv": [0, 6, 6, 16], "texture": "#mechanical_press_pole"},
				"east": {"uv": [0, 6, 1, 16], "texture": "#mechanical_press_pole"},
				"south": {"uv": [0, 6, 6, 16], "texture": "#mechanical_press_pole"},
				"west": {"uv": [5, 6, 6, 16], "texture": "#mechanical_press_pole"}
			}
		},
		{
			"name": "Pole1Side",
			"from": [5, 4, 10],
			"to": [11, 14, 11],
			"faces": {
				"north": {"uv": [0, 6, 6, 16], "texture": "#mechanical_press_pole"},
				"east": {"uv": [0, 6, 1, 16], "texture": "#mechanical_press_pole"},
				"south": {"uv": [0, 6, 6, 16], "texture": "#mechanical_press_pole"},
				"west": {"uv": [5, 6, 6, 16], "texture": "#mechanical_press_pole"}
			}
		},
		{
			"name": "Pole2Side",
			"from": [5, 14, 10],
			"to": [11, 27, 11],
			"faces": {
				"north": {"uv": [0, 0, 6, 13], "texture": "#mechanical_press_pole"},
				"east": {"uv": [0, 0, 1, 13], "texture": "#mechanical_press_pole"},
				"south": {"uv": [0, 0, 6, 13], "texture": "#mechanical_press_pole"},
				"west": {"uv": [5, 0, 6, 13], "texture": "#mechanical_press_pole"},
				"up": {"uv": [10, 0, 16, 1], "rotation": 180, "texture": "#mechanical_press_pole"}
			}
		},
		{
			"name": "Pole2Side",
			"from": [5, 14, 5],
			"to": [11, 27, 6],
			"faces": {
				"north": {"uv": [0, 0, 6, 13], "texture": "#mechanical_press_pole"},
				"east": {"uv": [0, 0, 1, 13], "texture": "#mechanical_press_pole"},
				"south": {"uv": [0, 0, 6, 13], "texture": "#mechanical_press_pole"},
				"west": {"uv": [5, 0, 6, 13], "texture": "#mechanical_press_pole"},
				"up": {"uv": [10, 5, 16, 6], "rotation": 180, "texture": "#mechanical_press_pole"}
			}
		},
		{
			"name": "clip",
			"from": [6, -1, 1.5],
			"to": [10, 4, 3.5],
			"rotation": {"angle": 0, "axis": "y", "origin": [8, 9, 8]},
			"faces": {
				"north": {"uv": [5.5, 2.5, 7.5, 5], "texture": "#10"},
				"east": {"uv": [5.5, 2.5, 7.5, 5], "texture": "#10"},
				"south": {"uv": [5.5, 2.5, 7.5, 5], "texture": "#10"},
				"west": {"uv": [5.5, 2.5, 7.5, 5], "texture": "#10"},
				"up": {"uv": [5.5, 3.5, 7.5, 4.5], "rotation": 180, "texture": "#10"},
				"down": {"uv": [5.5, 3.5, 7.5, 4.5], "rotation": 90, "texture": "#10"}
			}
		},
		{
			"name": "clip",
			"from": [1.5, -1, 6],
			"to": [3.5, 4, 10],
			"rotation": {"angle": 0, "axis": "y", "origin": [8, 9, 8]},
			"faces": {
				"north": {"uv": [5.5, 2.5, 7.5, 5], "texture": "#10"},
				"east": {"uv": [5.5, 2.5, 7.5, 5], "texture": "#10"},
				"south": {"uv": [5.5, 2.5, 7.5, 5], "texture": "#10"},
				"west": {"uv": [5.5, 2.5, 7.5, 5], "texture": "#10"},
				"up": {"uv": [5.5, 3.5, 7.5, 4.5], "rotation": 180, "texture": "#10"},
				"down": {"uv": [5.5, 3.5, 7.5, 4.5], "rotation": 90, "texture": "#10"}
			}
		},
		{
			"name": "clip",
			"from": [12.5, -1, 6],
			"to": [14.5, 4, 10],
			"rotation": {"angle": 0, "axis": "y", "origin": [8, 9, 8]},
			"faces": {
				"north": {"uv": [5.5, 2.5, 7.5, 5], "texture": "#10"},
				"east": {"uv": [5.5, 2.5, 7.5, 5], "texture": "#10"},
				"south": {"uv": [5.5, 2.5, 7.5, 5], "texture": "#10"},
				"west": {"uv": [5.5, 2.5, 7.5, 5], "texture": "#10"},
				"up": {"uv": [5.5, 3.5, 7.5, 4.5], "rotation": 180, "texture": "#10"},
				"down": {"uv": [5.5, 3.5, 7.5, 4.5], "rotation": 90, "texture": "#10"}
			}
		},
		{
			"name": "clip",
			"from": [6, -1, 12.5],
			"to": [10, 4, 14.5],
			"rotation": {"angle": 0, "axis": "y", "origin": [8, 9, 8]},
			"faces": {
				"north": {"uv": [5.5, 2.5, 7.5, 5], "texture": "#10"},
				"east": {"uv": [5.5, 2.5, 7.5, 5], "texture": "#10"},
				"south": {"uv": [5.5, 2.5, 7.5, 5], "texture": "#10"},
				"west": {"uv": [5.5, 2.5, 7.5, 5], "texture": "#10"},
				"up": {"uv": [5.5, 3.5, 7.5, 4.5], "rotation": 180, "texture": "#10"},
				"down": {"uv": [5.5, 3.5, 7.5, 4.5], "rotation": 90, "texture": "#10"}
			}
		},
		{
			"name": "Head",
			"from": [3, 1, 3],
			"to": [13, 4, 13],
			"faces": {
				"north": {"uv": [1, 0, 11, 3], "texture": "#7"},
				"east": {"uv": [1, 0, 11, 3], "texture": "#7"},
				"south": {"uv": [1, 0, 11, 3], "texture": "#7"},
				"west": {"uv": [1, 0, 11, 3], "texture": "#7"},
				"up": {"uv": [1, 5, 11, 15], "rotation": 180, "texture": "#missing"},
				"down": {"uv": [1, 5, 11, 15], "rotation": 180, "texture": "#7"}
			}
		},
		{
			"name": "Head",
			"from": [3, 4, 3],
			"to": [13, 5, 13],
			"rotation": {"angle": 0, "axis": "y", "origin": [0, 3, 0]},
			"faces": {
				"north": {"uv": [0, 5, 5, 5.5], "texture": "#10"},
				"east": {"uv": [0, 5, 5, 5.5], "texture": "#10"},
				"south": {"uv": [0, 5, 5, 5.5], "texture": "#10"},
				"west": {"uv": [0, 5, 5, 5.5], "texture": "#10"},
				"up": {"uv": [0, 0, 5, 5], "rotation": 180, "texture": "#10"},
				"down": {"uv": [1, 5, 11, 15], "rotation": 180, "texture": "#10"}
			}
		},
		{
			"name": "Head",
			"from": [3, 0, 3],
			"to": [13, 1, 5],
			"faces": {
				"north": {"uv": [1, 3, 11, 4], "texture": "#7"},
				"east": {"uv": [9, 3, 11, 4], "texture": "#7"},
				"south": {"uv": [1, 0, 11, 1], "texture": "#7"},
				"west": {"uv": [1, 3, 3, 4], "texture": "#7"},
				"up": {"uv": [1, 5, 11, 7], "rotation": 180, "texture": "#missing"},
				"down": {"uv": [1, 5, 11, 7], "rotation": 180, "texture": "#7"}
			}
		},
		{
			"name": "pixel1",
			"from": [10, 0, 5],
			"to": [11, 1, 6],
			"faces": {
				"north": {"uv": [1, 5, 2, 6], "texture": "#7"},
				"east": {"uv": [1, 5, 2, 6], "texture": "#7"},
				"south": {"uv": [1, 5, 2, 6], "texture": "#7"},
				"west": {"uv": [1, 5, 2, 6], "texture": "#7"},
				"up": {"uv": [1, 5, 2, 6], "rotation": 180, "texture": "#missing"},
				"down": {"uv": [3, 7, 4, 8], "rotation": 180, "texture": "#7"}
			}
		},
		{
			"name": "pixel2",
			"from": [10, 0, 10],
			"to": [11, 1, 11],
			"faces": {
				"north": {"uv": [1, 5, 2, 6], "texture": "#7"},
				"east": {"uv": [1, 5, 2, 6], "texture": "#7"},
				"south": {"uv": [1, 5, 2, 6], "texture": "#7"},
				"west": {"uv": [1, 5, 2, 6], "texture": "#7"},
				"up": {"uv": [1, 5, 2, 6], "rotation": 180, "texture": "#missing"},
				"down": {"uv": [3, 7, 4, 8], "rotation": 180, "texture": "#7"}
			}
		},
		{
			"name": "pixel3",
			"from": [5, 0, 10],
			"to": [6, 1, 11],
			"faces": {
				"north": {"uv": [1, 5, 2, 6], "texture": "#7"},
				"east": {"uv": [1, 5, 2, 6], "texture": "#7"},
				"south": {"uv": [1, 5, 2, 6], "texture": "#7"},
				"west": {"uv": [1, 5, 2, 6], "texture": "#7"},
				"up": {"uv": [1, 5, 2, 6], "rotation": 180, "texture": "#missing"},
				"down": {"uv": [3, 7, 4, 8], "rotation": 180, "texture": "#7"}
			}
		},
		{
			"name": "pixel4",
			"from": [5, 0, 5],
			"to": [6, 1, 6],
			"faces": {
				"north": {"uv": [1, 5, 2, 6], "texture": "#7"},
				"east": {"uv": [1, 5, 2, 6], "texture": "#7"},
				"south": {"uv": [1, 5, 2, 6], "texture": "#7"},
				"west": {"uv": [1, 5, 2, 6], "texture": "#7"},
				"up": {"uv": [1, 5, 2, 6], "rotation": 180, "texture": "#missing"},
				"down": {"uv": [3, 7, 4, 8], "rotation": 180, "texture": "#7"}
			}
		},
		{
			"name": "Head",
			"from": [3, 0, 11],
			"to": [13, 1, 13],
			"faces": {
				"north": {"uv": [1, 3, 11, 4], "texture": "#7"},
				"east": {"uv": [1, 3, 3, 4], "texture": "#7"},
				"south": {"uv": [1, 3, 11, 4], "texture": "#7"},
				"west": {"uv": [1, 3, 3, 4], "texture": "#7"},
				"up": {"uv": [1, 13, 11, 15], "rotation": 180, "texture": "#missing"},
				"down": {"uv": [1, 13, 11, 15], "rotation": 180, "texture": "#7"}
			}
		},
		{
			"name": "Head",
			"from": [3, 0, 5],
			"to": [5, 1, 11],
			"faces": {
				"north": {"uv": [9, 3, 11, 4], "texture": "#7"},
				"east": {"uv": [3, 3, 9, 4], "texture": "#7"},
				"south": {"uv": [1, 3, 3, 4], "texture": "#7"},
				"west": {"uv": [3, 3, 9, 4], "texture": "#7"},
				"up": {"uv": [9, 7, 11, 13], "rotation": 180, "texture": "#missing"},
				"down": {"uv": [9, 7, 11, 13], "rotation": 180, "texture": "#7"}
			}
		},
		{
			"name": "Head",
			"from": [11, 0, 5],
			"to": [13, 1, 11],
			"faces": {
				"north": {"uv": [9, 3, 11, 4], "texture": "#7"},
				"east": {"uv": [3, 3, 9, 4], "texture": "#7"},
				"south": {"uv": [1, 3, 3, 4], "texture": "#7"},
				"west": {"uv": [3, 3, 9, 4], "texture": "#7"},
				"up": {"uv": [1, 7, 3, 13], "rotation": 180, "texture": "#missing"},
				"down": {"uv": [1, 7, 3, 13], "rotation": 180, "texture": "#7"}
			}
		},
		{
			"name": "Axis",
			"from": [6, 10, 0],
			"to": [10, 14, 16],
			"faces": {
				"north": {"uv": [6, 6, 10, 10], "rotation": 180, "texture": "#1"},
				"east": {"uv": [6, 0, 10, 16], "rotation": 90, "texture": "#0"},
				"south": {"uv": [6, 6, 10, 10], "texture": "#1"},
				"west": {"uv": [6, 0, 10, 16], "rotation": 270, "texture": "#0"},
				"up": {"uv": [6, 0, 10, 16], "texture": "#0"},
				"down": {"uv": [6, 0, 10, 16], "rotation": 180, "texture": "#0"}
			}
		}
	],
	"display": {
		"gui": {
			"rotation": [30, 225, 0],
			"translation": [0, -2, 0],
			"scale": [0.55, 0.55, 0.55]
		},
		"fixed": {
			"translation": [0, -2.75, -0.0625],
			"scale": [0.5, 0.5, 0.5]
		}
	},
	"groups": [
		0,
		1,
		2,
		3,
		4,
		5,
		6,
		7,
		8,
		9,
		{
			"name": "clip",
			"origin": [8, 8, 8],
			"color": 0,
			"children": [10, 11, 12, 13]
		},
		{
			"name": "group",
			"origin": [0, 0, 0],
			"color": 0,
			"children": [14, 15, 16, 17, 18, 19, 20, 21, 22, 23]
		},
		{
			"name": "shaft",
			"origin": [8, 8, 8],
			"color": 0,
			"children": [24]
		}
	]
}