{
	"credit": "Made with Blockbench",
	"parent": "block/block",
	"ambientocclusion": false,
	"textures": {
		"mechanical_press_pole": "create:block/mechanical_press_pole"
	},
	"elements": [
		{
			"name": "Pole1Core",
			"from": [6, 4, 6],
			"to": [10, 14, 10],
			"rotation": {"angle": 0, "axis": "y", "origin": [8, 16, 8]},
			"faces": {
				"east": {"uv": [6, 6, 10, 16], "texture": "#mechanical_press_pole"},
				"west": {"uv": [6, 6, 10, 16], "texture": "#mechanical_press_pole"},
				"down": {"uv": [11, 1, 15, 5], "texture": "#mechanical_press_pole"}
			}
		},
		{
			"name": "Pole1Side",
			"from": [5, 4, 5],
			"to": [11, 14, 6],
			"rotation": {"angle": 0, "axis": "y", "origin": [8, 16, 8]},
			"faces": {
				"north": {"uv": [0, 6, 6, 16], "texture": "#mechanical_press_pole"},
				"east": {"uv": [0, 6, 1, 16], "texture": "#mechanical_press_pole"},
				"south": {"uv": [0, 6, 6, 16], "texture": "#mechanical_press_pole"},
				"west": {"uv": [5, 6, 6, 16], "texture": "#mechanical_press_pole"},
				"down": {"uv": [10, 5, 16, 6], "texture": "#mechanical_press_pole"}
			}
		},
		{
			"name": "Pole1Side",
			"from": [5, 4, 10],
			"to": [11, 14, 11],
			"rotation": {"angle": 0, "axis": "y", "origin": [8, 16, 8]},
			"faces": {
				"north": {"uv": [0, 6, 6, 16], "texture": "#mechanical_press_pole"},
				"east": {"uv": [0, 6, 1, 16], "texture": "#mechanical_press_pole"},
				"south": {"uv": [0, 6, 6, 16], "texture": "#mechanical_press_pole"},
				"west": {"uv": [5, 6, 6, 16], "texture": "#mechanical_press_pole"},
				"down": {"uv": [10, 0, 16, 1], "texture": "#mechanical_press_pole"}
			}
		},
		{
			"name": "Pole2Core",
			"from": [6, 14, 6],
			"to": [10, 27, 10],
			"rotation": {"angle": 0, "axis": "y", "origin": [8, 13, 8]},
			"faces": {
				"east": {"uv": [6, 0, 10, 13], "texture": "#mechanical_press_pole"},
				"west": {"uv": [6, 0, 10, 13], "texture": "#mechanical_press_pole"},
				"up": {"uv": [11, 1, 15, 5], "rotation": 180, "texture": "#mechanical_press_pole"}
			}
		},
		{
			"name": "Pole2Side",
			"from": [5, 14, 10],
			"to": [11, 27, 11],
			"rotation": {"angle": 0, "axis": "y", "origin": [8, 13, 8]},
			"faces": {
				"north": {"uv": [0, 0, 6, 13], "texture": "#mechanical_press_pole"},
				"east": {"uv": [0, 0, 1, 13], "texture": "#mechanical_press_pole"},
				"south": {"uv": [0, 0, 6, 13], "texture": "#mechanical_press_pole"},
				"west": {"uv": [5, 0, 6, 13], "texture": "#mechanical_press_pole"},
				"up": {"uv": [10, 0, 16, 1], "rotation": 180, "texture": "#mechanical_press_pole"}
			}
		},
		{
			"name": "Pole2Side",
			"from": [5, 14, 5],
			"to": [11, 27, 6],
			"rotation": {"angle": 0, "axis": "y", "origin": [8, 13, 8]},
			"faces": {
				"north": {"uv": [0, 0, 6, 13], "texture": "#mechanical_press_pole"},
				"east": {"uv": [0, 0, 1, 13], "texture": "#mechanical_press_pole"},
				"south": {"uv": [0, 0, 6, 13], "texture": "#mechanical_press_pole"},
				"west": {"uv": [5, 0, 6, 13], "texture": "#mechanical_press_pole"},
				"up": {"uv": [10, 5, 16, 6], "rotation": 180, "texture": "#mechanical_press_pole"}
			}
		}
	]
}