{
	"credit": "Made with Blockbench",
	"parent": "block/block",
	"ambientocclusion": false,
	"textures": {
		"6": "gearbox:block/electrolyzer/head"
	},
	"elements": [
		{
			"name": "MixerCenter",
			"from": [7, 3, 7],
			"to": [9, 8, 9],
			"rotation": {"angle": 0, "axis": "y", "origin": [8, 7, 8]},
			"faces": {
				"north": {"uv": [12, 0, 14, 5], "texture": "#6"},
				"east": {"uv": [12, 0, 14, 5], "texture": "#6"},
				"south": {"uv": [12, 0, 14, 5], "texture": "#6"},
				"west": {"uv": [12, 0, 14, 5], "texture": "#6"},
				"down": {"uv": [12, 12, 14, 14], "texture": "#6"}
			}
		},
		{
			"name": "holder",
			"from": [6.975, 4, 4],
			"to": [9.025, 6, 12],
			"faces": {
				"north": {"uv": [12, 10, 14, 12], "texture": "#6"},
				"east": {"uv": [12, 3, 14, 11], "rotation": 90, "texture": "#6"},
				"south": {"uv": [12, 4, 14, 2], "texture": "#6"},
				"west": {"uv": [12, 3, 14, 11], "rotation": 90, "texture": "#6"},
				"up": {"uv": [12, 3, 14, 11], "texture": "#6"},
				"down": {"uv": [12, 3, 14, 11], "texture": "#6"}
			}
		},
		{
			"name": "copper",
			"from": [7.5, -2, 9.5],
			"to": [8.5, 4, 11.5],
			"rotation": {"angle": -45, "axis": "y", "origin": [8, 1, 10.5]},
			"faces": {
				"north": {"uv": [1, 2, 2, 8], "texture": "#6"},
				"east": {"uv": [0, 2, 2, 8], "texture": "#6"},
				"south": {"uv": [0, 2, 1, 8], "texture": "#6"},
				"west": {"uv": [2, 2, 0, 8], "texture": "#6"},
				"up": {"uv": [0, 0, 1, 2], "texture": "#missing"},
				"down": {"uv": [0, 7, 2, 8], "rotation": 90, "texture": "#6"}
			}
		},
		{
			"name": "zinc",
			"from": [7, -2, 5],
			"to": [9, 4, 6],
			"rotation": {"angle": 45, "axis": "y", "origin": [8, 1, 5.5]},
			"faces": {
				"north": {"uv": [11, 2, 9, 8], "texture": "#6"},
				"east": {"uv": [10, 2, 11, 8], "texture": "#6"},
				"south": {"uv": [9, 2, 11, 8], "texture": "#6"},
				"west": {"uv": [9, 2, 10, 8], "texture": "#6"},
				"up": {"uv": [0, 0, 1, 2], "rotation": 90, "texture": "#missing"},
				"down": {"uv": [9, 7, 11, 8], "texture": "#6"}
			}
		}
	]
}