{
	"credit": "Made with Blockbench",
	"parent": "block/block",
	"ambientocclusion": false,
	"texture_size": [32, 32],
	"textures": {
		"6": "gearbox:block/electrolyzer/head",
		"7": "create:block/waterwheel_metal",
		"11": "gearbox:block/electrolyzer/top",
		"mechanical_press_pole": "create:block/mechanical_press_pole",
		"particle": "gearbox:block/electrolyzer/side2"
	},
	"elements": [
		{
			"name": "polebase",
			"from": [5, 7, 5],
			"to": [11, 9, 11],
			"shade": false,
			"rotation": {"angle": 0, "axis": "y", "origin": [8, 9, 8]},
			"faces": {
				"north": {"uv": [10, 6, 16, 8], "texture": "#7"},
				"east": {"uv": [10, 6, 16, 8], "texture": "#7"},
				"south": {"uv": [10, 6, 16, 8], "texture": "#7"},
				"west": {"uv": [10, 6, 16, 8], "texture": "#7"},
				"up": {"uv": [10, 0, 16, 6], "texture": "#6"},
				"down": {"uv": [10, 0, 16, 6], "texture": "#7"}
			}
		},
		{
			"name": "Pole1Core",
			"from": [6, 9, 6],
			"to": [10, 19, 10],
			"rotation": {"angle": 0, "axis": "y", "origin": [8, 16, 8]},
			"faces": {
				"east": {"uv": [6, 6, 10, 16], "texture": "#mechanical_press_pole"},
				"west": {"uv": [6, 6, 10, 16], "texture": "#mechanical_press_pole"},
				"down": {"uv": [11, 1, 15, 5], "texture": "#mechanical_press_pole"}
			}
		},
		{
			"name": "Pole1Side",
			"from": [5, 9, 5],
			"to": [11, 19, 6],
			"rotation": {"angle": 0, "axis": "y", "origin": [8, 16, 8]},
			"faces": {
				"north": {"uv": [0, 6, 6, 16], "texture": "#mechanical_press_pole"},
				"east": {"uv": [0, 6, 1, 16], "texture": "#mechanical_press_pole"},
				"south": {"uv": [0, 6, 6, 16], "texture": "#mechanical_press_pole"},
				"west": {"uv": [5, 6, 6, 16], "texture": "#mechanical_press_pole"},
				"down": {"uv": [10, 5, 16, 6], "texture": "#mechanical_press_pole"}
			}
		},
		{
			"name": "Pole1Side",
			"from": [5, 9, 10],
			"to": [11, 19, 11],
			"rotation": {"angle": 0, "axis": "y", "origin": [8, 16, 8]},
			"faces": {
				"north": {"uv": [0, 6, 6, 16], "texture": "#mechanical_press_pole"},
				"east": {"uv": [0, 6, 1, 16], "texture": "#mechanical_press_pole"},
				"south": {"uv": [0, 6, 6, 16], "texture": "#mechanical_press_pole"},
				"west": {"uv": [5, 6, 6, 16], "texture": "#mechanical_press_pole"},
				"down": {"uv": [10, 0, 16, 1], "texture": "#mechanical_press_pole"}
			}
		},
		{
			"name": "Pole2Core",
			"from": [6, 19, 6],
			"to": [10, 32, 10],
			"rotation": {"angle": 0, "axis": "y", "origin": [8, 13, 8]},
			"faces": {
				"east": {"uv": [6, 0, 10, 13], "texture": "#mechanical_press_pole"},
				"west": {"uv": [6, 0, 10, 13], "texture": "#mechanical_press_pole"},
				"up": {"uv": [11, 1, 15, 5], "rotation": 180, "texture": "#mechanical_press_pole"}
			}
		},
		{
			"name": "Pole2Side",
			"from": [5, 19, 10],
			"to": [11, 32, 11],
			"rotation": {"angle": 0, "axis": "y", "origin": [8, 13, 8]},
			"faces": {
				"north": {"uv": [0, 0, 6, 13], "texture": "#mechanical_press_pole"},
				"east": {"uv": [0, 0, 1, 13], "texture": "#mechanical_press_pole"},
				"south": {"uv": [0, 0, 6, 13], "texture": "#mechanical_press_pole"},
				"west": {"uv": [5, 0, 6, 13], "texture": "#mechanical_press_pole"},
				"up": {"uv": [10, 0, 16, 1], "rotation": 180, "texture": "#mechanical_press_pole"}
			}
		},
		{
			"name": "Pole2Side",
			"from": [5, 19, 5],
			"to": [11, 32, 6],
			"rotation": {"angle": 0, "axis": "y", "origin": [8, 13, 8]},
			"faces": {
				"north": {"uv": [0, 0, 6, 13], "texture": "#mechanical_press_pole"},
				"east": {"uv": [0, 0, 1, 13], "texture": "#mechanical_press_pole"},
				"south": {"uv": [0, 0, 6, 13], "texture": "#mechanical_press_pole"},
				"west": {"uv": [5, 0, 6, 13], "texture": "#mechanical_press_pole"},
				"up": {"uv": [10, 5, 16, 6], "rotation": 180, "texture": "#mechanical_press_pole"}
			}
		},
		{
			"name": "Top",
			"from": [0, 9, 0],
			"to": [16, 23, 16],
			"rotation": {"angle": 0, "axis": "y", "origin": [8, 15, 8]},
			"faces": {
				"north": {"uv": [0, 0, 16, 14], "texture": "#particle"},
				"east": {"uv": [0, 0, 16, 14], "texture": "#particle"},
				"south": {"uv": [0, 0, 16, 14], "texture": "#particle"},
				"west": {"uv": [0, 0, 16, 14], "texture": "#particle"},
				"up": {"uv": [0, 0, 16, 16], "texture": "#11"},
				"down": {"uv": [0, 0, 16, 16], "texture": "#11"}
			}
		},
		{
			"name": "MixerCenter",
			"from": [7, 3, 7],
			"to": [9, 8, 9],
			"rotation": {"angle": 22.5, "axis": "y", "origin": [8, 3.25, 8]},
			"faces": {
				"north": {"uv": [12, 0, 14, 5], "texture": "#6"},
				"east": {"uv": [12, 0, 14, 5], "texture": "#6"},
				"south": {"uv": [12, 0, 14, 5], "texture": "#6"},
				"west": {"uv": [12, 0, 14, 5], "texture": "#6"},
				"down": {"uv": [12, 12, 14, 14], "texture": "#6"}
			}
		},
		{
			"name": "holder",
			"from": [6.975, 4, 4],
			"to": [9.025, 6, 12],
			"rotation": {"angle": 22.5, "axis": "y", "origin": [8, 3.25, 8]},
			"faces": {
				"north": {"uv": [12, 10, 14, 12], "texture": "#6"},
				"east": {"uv": [12, 3, 14, 11], "rotation": 90, "texture": "#6"},
				"south": {"uv": [12, 4, 14, 2], "texture": "#6"},
				"west": {"uv": [12, 3, 14, 11], "rotation": 90, "texture": "#6"},
				"up": {"uv": [12, 3, 14, 11], "texture": "#6"},
				"down": {"uv": [12, 3, 14, 11], "texture": "#6"}
			}
		},
		{
			"name": "copper",
			"from": [9.26777, -2, 8.76777],
			"to": [10.26777, 4, 10.76777],
			"rotation": {"angle": -22.5, "axis": "y", "origin": [8, 3.25, 8]},
			"faces": {
				"north": {"uv": [1, 2, 2, 8], "texture": "#6"},
				"east": {"uv": [0, 2, 2, 8], "texture": "#6"},
				"south": {"uv": [0, 2, 1, 8], "texture": "#6"},
				"west": {"uv": [2, 2, 0, 8], "texture": "#6"},
				"up": {"uv": [0, 0, 1, 2], "texture": "#missing"},
				"down": {"uv": [0, 7, 2, 8], "rotation": 90, "texture": "#6"}
			}
		},
		{
			"name": "zinc",
			"from": [5.73223, -2, 5.23223],
			"to": [6.73223, 4, 7.23223],
			"rotation": {"angle": -22.5, "axis": "y", "origin": [8, 3.25, 8]},
			"faces": {
				"north": {"uv": [10, 2, 11, 8], "texture": "#6"},
				"east": {"uv": [9, 2, 11, 8], "texture": "#6"},
				"south": {"uv": [9, 2, 10, 8], "texture": "#6"},
				"west": {"uv": [11, 2, 9, 8], "texture": "#6"},
				"up": {"uv": [0, 0, 1, 2], "texture": "#missing"},
				"down": {"uv": [9, 7, 11, 8], "rotation": 90, "texture": "#6"}
			}
		}
	],
	"display": {
		"thirdperson_righthand": {
			"rotation": [75, 45, 0],
			"translation": [0, 2.5, 0],
			"scale": [0.375, 0.375, 0.375]
		},
		"thirdperson_lefthand": {
			"rotation": [75, 45, 0],
			"translation": [0, 2.5, 0],
			"scale": [0.375, 0.375, 0.375]
		},
		"firstperson_righthand": {
			"rotation": [0, 45, 0],
			"scale": [0.4, 0.4, 0.4]
		},
		"firstperson_lefthand": {
			"rotation": [0, 225, 0],
			"scale": [0.4, 0.4, 0.4]
		},
		"ground": {
			"translation": [0, 3, 0],
			"scale": [0.25, 0.25, 0.25]
		},
		"gui": {
			"rotation": [30, 225, 0],
			"translation": [0, -2.25, 0],
			"scale": [0.45, 0.45, 0.45]
		},
		"fixed": {
			"translation": [0, -3, 0],
			"scale": [0.5, 0.5, 0.5]
		}
	},
	"groups": [
		{
			"name": "item",
			"origin": [8, 8, 8],
			"color": 0,
			"children": [
				{
					"name": "mixerhead",
					"origin": [8, 8, 8],
					"color": 0,
					"children": []
				},
				{
					"name": "mechanical_press_head",
					"origin": [8, 8, 8],
					"color": 0,
					"children": [0, 1, 2, 3, 4, 5, 6]
				},
				{
					"name": "mixer_base",
					"origin": [8, 8, 8],
					"color": 0,
					"children": [
						{
							"name": "mixerbase",
							"origin": [8, 8, 8],
							"color": 0,
							"children": [7]
						}
					]
				}
			]
		},
		{
			"name": "head",
			"origin": [8, 8, 8],
			"color": 0,
			"children": [8, 9, 10, 11]
		}
	]
}