{
	"credit": "Made with Blockbench",
	"parent": "block/block",
	"textures": {
		"3": "create:block/encased_pipe",
		"4": "create:block/pipes",
		"6": "gearbox:block/compressor/side",
		"7": "gearbox:block/compressor/crushing_wheel_plates",
		"8": "gearbox:block/compressor/acceptor",
		"axis": "gearbox:block/compressor/axis",
		"particle": "gearbox:block/compressor/axis_top",
		"axis_top": "gearbox:block/compressor/axis_top"
	},
	"elements": [
		{
			"from": [0, 0, 0],
			"to": [16, 5, 16],
			"rotation": {"angle": 0, "axis": "y", "origin": [0, -16, 0]},
			"faces": {
				"north": {"uv": [0, 4, 8, 6.5], "texture": "#8"},
				"east": {"uv": [0, 4, 8, 6.5], "texture": "#8"},
				"south": {"uv": [0, 4, 8, 6.5], "texture": "#8"},
				"west": {"uv": [0, 4, 8, 6.5], "texture": "#8"},
				"up": {"uv": [0, 0, 8, 8], "rotation": 180, "texture": "#8"},
				"down": {"uv": [0, 0, 8, 8], "texture": "#8"}
			}
		},
		{
			"from": [-1, 3, -0.1],
			"to": [17, 6, 16.1],
			"rotation": {"angle": 0, "axis": "y", "origin": [0, -11, -1]},
			"faces": {
				"north": {"uv": [8, 7.5, 10, 14.5], "rotation": 90, "texture": "#8"},
				"east": {"uv": [8, 7.5, 10, 14.5], "rotation": 90, "texture": "#8"},
				"south": {"uv": [8, 7.5, 10, 14.5], "rotation": 90, "texture": "#8"},
				"west": {"uv": [8, 7.5, 10, 14.5], "rotation": 90, "texture": "#8"},
				"up": {"uv": [0, 0, 8, 8], "rotation": 180, "texture": "#8"},
				"down": {"uv": [0, 0, 8, 8], "texture": "#8"}
			}
		},
		{
			"from": [3, 0.01, 14],
			"to": [13, 11.01, 17],
			"faces": {
				"north": {"uv": [1.5, 1.5, 6.5, 6.5], "rotation": 180, "texture": "#8"},
				"east": {"uv": [6.5, 1.5, 8, 6], "texture": "#8"},
				"south": {"uv": [1.5, 1.5, 6.5, 6.5], "rotation": 180, "texture": "#8"},
				"west": {"uv": [0, 1.5, 1.5, 6], "texture": "#8"},
				"up": {"uv": [1.5, 0, 6.5, 1.5], "texture": "#8"},
				"down": {"uv": [1.5, 0, 6.5, 2], "texture": "#8"}
			}
		},
		{
			"from": [4, 1, 13],
			"to": [12, 9, 22],
			"rotation": {"angle": 22.5, "axis": "x", "origin": [1, 9, 17]},
			"faces": {
				"north": {"uv": [8, 0, 12, 4], "texture": "#8"},
				"east": {"uv": [7, 1.5, 1, 6.5], "rotation": 270, "texture": "#8"},
				"south": {"uv": [8, 0, 12, 4], "texture": "#8"},
				"west": {"uv": [7, 1.5, 1, 6.5], "rotation": 270, "texture": "#8"},
				"up": {"uv": [7, 1.5, 1, 6.5], "rotation": 270, "texture": "#8"},
				"down": {"uv": [7, 1.5, 1, 6.5], "rotation": 270, "texture": "#8"}
			}
		},
		{
			"from": [5, 2, 22],
			"to": [11, 8, 21],
			"rotation": {"angle": 22.5, "axis": "x", "origin": [1, 9, 17]},
			"faces": {
				"east": {"uv": [15, 1, 16, 9], "texture": "#missing"},
				"south": {"uv": [10, 10, 16, 16], "texture": "#missing"},
				"west": {"uv": [15, 1, 16, 9], "texture": "#missing"},
				"up": {"uv": [15, 1, 16, 9], "rotation": 90, "texture": "#missing"},
				"down": {"uv": [15, 1, 16, 9], "rotation": 90, "texture": "#missing"}
			}
		},
		{
			"from": [5, 3.64387, 12.73569],
			"to": [11, 9.64387, 11.73569],
			"rotation": {"angle": 22.5, "axis": "x", "origin": [8, 6.64387, 12.23569]},
			"faces": {
				"north": {"uv": [10, 10, 16, 16], "rotation": 180, "texture": "#missing"},
				"east": {"uv": [15, 1, 16, 9], "rotation": 180, "texture": "#missing"},
				"west": {"uv": [15, 1, 16, 9], "rotation": 180, "texture": "#missing"},
				"up": {"uv": [15, 1, 16, 9], "rotation": 90, "texture": "#missing"},
				"down": {"uv": [15, 1, 16, 9], "rotation": 90, "texture": "#missing"}
			}
		},
		{
			"from": [3, 3, -1],
			"to": [13, 13, 1],
			"rotation": {"angle": 0, "axis": "y", "origin": [0, -16, 0]},
			"faces": {
				"north": {"uv": [3, 3, 13, 13], "texture": "#3"},
				"east": {"uv": [2, 3, 4, 13], "texture": "#3"},
				"south": {"uv": [1, 11, 6, 16], "texture": "#4"},
				"west": {"uv": [14, 3, 12, 13], "rotation": 180, "texture": "#3"},
				"up": {"uv": [3, 2, 13, 4], "rotation": 180, "texture": "#3"},
				"down": {"uv": [3, 12, 13, 14], "rotation": 180, "texture": "#3"}
			}
		},
		{
			"from": [0, 5, 1],
			"to": [16, 15, 4],
			"faces": {
				"north": {"uv": [0, 0, 8, 5.5], "texture": "#8"},
				"east": {"uv": [8, 7.5, 10, 13], "texture": "#8"},
				"south": {"uv": [0, 0, 8, 5.5], "texture": "#8"},
				"west": {"uv": [10.5, 7.5, 12.5, 13], "texture": "#8"},
				"up": {"uv": [8, 7.5, 10, 14.5], "rotation": 90, "texture": "#8"},
				"down": {"uv": [0, 0, 16, 2], "texture": "#missing"}
			}
		},
		{
			"from": [0.5, 6, 3],
			"to": [3.5, 11, 14],
			"rotation": {"angle": 0, "axis": "y", "origin": [-2, 1, -1]},
			"faces": {
				"north": {"uv": [0, 0, 3, 10], "texture": "#8"},
				"east": {"uv": [1.5, 0, 6.5, 2.5], "texture": "#8"},
				"south": {"uv": [0, 1.5, 1.5, 4.5], "texture": "#8"},
				"west": {"uv": [10, 5, 0, 10], "texture": "#6"},
				"up": {"uv": [1.5, 0, 6.5, 1.5], "rotation": 90, "texture": "#8"},
				"down": {"uv": [0, 0, 16, 2], "rotation": 270, "texture": "#missing"}
			}
		},
		{
			"from": [12.5, 6, 3],
			"to": [15.5, 11, 14],
			"rotation": {"angle": 0, "axis": "y", "origin": [10, 1, -1]},
			"faces": {
				"north": {"uv": [0, 0, 3, 10], "texture": "#8"},
				"east": {"uv": [0, 5, 10, 10], "texture": "#6"},
				"south": {"uv": [0, 1.5, 1.5, 4.5], "texture": "#8"},
				"west": {"uv": [1.5, 0, 6.5, 2.5], "texture": "#8"},
				"up": {"uv": [1.5, 0, 6.5, 1.5], "rotation": 90, "texture": "#8"},
				"down": {"uv": [0, 0, 16, 2], "rotation": 270, "texture": "#missing"}
			}
		},
		{
			"from": [1, 5.5, 3],
			"to": [15, 10.5, 6],
			"rotation": {"angle": 0, "axis": "y", "origin": [8, 8, 8]},
			"faces": {
				"north": {"uv": [1, 1, 6, 15], "rotation": 270, "texture": "#7"},
				"east": {"uv": [1, 0, 6, 3], "rotation": 270, "texture": "#7"},
				"south": {"uv": [1, 1, 6, 15], "rotation": 270, "texture": "#7"},
				"west": {"uv": [1, 0, 6, 3], "rotation": 90, "texture": "#7"},
				"up": {"uv": [4.5, 1, 7, 15], "rotation": 270, "texture": "#7"},
				"down": {"uv": [4.5, 1, 7, 15], "rotation": 270, "texture": "#7"}
			}
		},
		{
			"from": [1.025, 3, 5.5],
			"to": [14.975, 6, 10.5],
			"rotation": {"angle": 0, "axis": "y", "origin": [8, 8, 8]},
			"faces": {
				"north": {"uv": [4.5, 1, 7, 15], "rotation": 90, "texture": "#7"},
				"east": {"uv": [1, 0, 6, 3], "texture": "#7"},
				"south": {"uv": [4.5, 1, 7, 15], "rotation": 270, "texture": "#7"},
				"west": {"uv": [1, 0, 6, 3], "texture": "#7"},
				"up": {"uv": [1, 1, 6, 15], "rotation": 270, "texture": "#7"},
				"down": {"uv": [1, 1, 6, 15], "rotation": 90, "texture": "#7"}
			}
		},
		{
			"from": [1, 5.5, 10],
			"to": [15, 10.5, 13],
			"rotation": {"angle": 0, "axis": "y", "origin": [8, 8, 8]},
			"faces": {
				"north": {"uv": [1, 1, 6, 15], "rotation": 90, "texture": "#7"},
				"east": {"uv": [1, 0, 6, 3], "rotation": 90, "texture": "#7"},
				"south": {"uv": [1, 1, 6, 15], "rotation": 90, "texture": "#7"},
				"west": {"uv": [1, 0, 6, 3], "rotation": 270, "texture": "#7"},
				"up": {"uv": [4.5, 1, 7, 15], "rotation": 270, "texture": "#7"},
				"down": {"uv": [4.5, 1, 7, 15], "rotation": 270, "texture": "#7"}
			}
		},
		{
			"from": [1.025, 10, 5.5],
			"to": [14.975, 13, 10.5],
			"rotation": {"angle": 0, "axis": "y", "origin": [8, 8, 8]},
			"faces": {
				"north": {"uv": [4.5, 1, 7, 15], "rotation": 90, "texture": "#7"},
				"east": {"uv": [1, 0, 6, 3], "rotation": 180, "texture": "#7"},
				"south": {"uv": [4.5, 1, 7, 15], "rotation": 270, "texture": "#7"},
				"west": {"uv": [1, 0, 6, 3], "rotation": 180, "texture": "#7"},
				"up": {"uv": [1, 1, 6, 15], "rotation": 90, "texture": "#7"},
				"down": {"uv": [1, 1, 6, 15], "rotation": 270, "texture": "#7"}
			}
		},
		{
			"from": [1.05, 6, 3],
			"to": [14.95, 10, 5],
			"rotation": {"angle": 45, "axis": "x", "origin": [8, 8, 8]},
			"faces": {
				"north": {"uv": [1, 1, 5, 15], "rotation": 270, "texture": "#7"},
				"east": {"uv": [1, 1, 5, 3], "rotation": 270, "texture": "#7"},
				"south": {"uv": [0, 0, 14, 4], "rotation": 180, "texture": "#7"},
				"west": {"uv": [1, 1, 5, 3], "rotation": 90, "texture": "#7"},
				"up": {"uv": [0, 0, 14, 2], "rotation": 180, "texture": "#7"},
				"down": {"uv": [0, 0, 14, 2], "texture": "#7"}
			}
		},
		{
			"from": [1.05, 6, 11],
			"to": [14.95, 10, 13],
			"rotation": {"angle": 45, "axis": "x", "origin": [8, 8, 8]},
			"faces": {
				"north": {"uv": [0, 0, 14, 4], "texture": "#7"},
				"east": {"uv": [1, 1, 5, 3], "rotation": 90, "texture": "#7"},
				"south": {"uv": [1, 1, 5, 15], "rotation": 90, "texture": "#7"},
				"west": {"uv": [1, 1, 5, 3], "rotation": 270, "texture": "#7"},
				"up": {"uv": [0, 0, 14, 2], "texture": "#7"},
				"down": {"uv": [0, 0, 14, 2], "rotation": 180, "texture": "#7"}
			}
		},
		{
			"from": [1.05, 11, 6],
			"to": [14.95, 13, 10],
			"rotation": {"angle": 45, "axis": "x", "origin": [8, 8, 8]},
			"faces": {
				"north": {"uv": [0, 0, 14, 2], "rotation": 180, "texture": "#7"},
				"east": {"uv": [1, 1, 5, 3], "rotation": 180, "texture": "#7"},
				"south": {"uv": [0, 0, 14, 2], "rotation": 180, "texture": "#7"},
				"west": {"uv": [1, 1, 5, 3], "rotation": 180, "texture": "#7"},
				"up": {"uv": [1, 1, 5, 15], "rotation": 90, "texture": "#7"},
				"down": {"uv": [0, 0, 14, 4], "rotation": 180, "texture": "#7"}
			}
		},
		{
			"from": [1.05, 6, 3],
			"to": [14.95, 10, 5],
			"rotation": {"angle": -45, "axis": "x", "origin": [8, 8, 8]},
			"faces": {
				"north": {"uv": [1, 1, 5, 15], "rotation": 270, "texture": "#7"},
				"east": {"uv": [1, 1, 5, 3], "rotation": 270, "texture": "#7"},
				"south": {"uv": [0, 0, 14, 4], "rotation": 180, "texture": "#7"},
				"west": {"uv": [1, 1, 5, 3], "rotation": 90, "texture": "#7"},
				"up": {"uv": [0, 0, 14, 2], "rotation": 180, "texture": "#7"},
				"down": {"uv": [0, 0, 14, 2], "texture": "#7"}
			}
		},
		{
			"name": "Axis",
			"from": [0, 6, 6],
			"to": [16, 10, 10],
			"rotation": {"angle": 0, "axis": "y", "origin": [8, 8, 8]},
			"faces": {
				"north": {"uv": [6, 0, 10, 16], "rotation": 90, "texture": "#axis"},
				"east": {"uv": [6, 6, 10, 10], "rotation": 90, "texture": "#axis_top"},
				"south": {"uv": [6, 0, 10, 16], "rotation": 90, "texture": "#axis"},
				"west": {"uv": [6, 6, 10, 10], "rotation": 90, "texture": "#axis_top"},
				"up": {"uv": [6, 0, 10, 16], "rotation": 90, "texture": "#axis"},
				"down": {"uv": [6, 0, 10, 16], "rotation": 90, "texture": "#missing"}
			}
		}
	],
	"display": {
		"gui": {
			"rotation": [20, -46, -4],
			"scale": [0.6, 0.6, 0.6]
		},
		"fixed": {
			"rotation": [0, 180, 0],
			"scale": [0.5, 0.5, 0.5]
		}
	},
	"groups": [
		0,
		1,
		{
			"name": "block_directional",
			"origin": [8, 8, 8],
			"color": 0,
			"children": [
				{
					"name": "Spoutput",
					"origin": [8, 8, 8],
					"color": 0,
					"children": [2, 3, 4, 5]
				}
			]
		},
		{
			"name": "pipe",
			"origin": [0, 0, 0],
			"color": 0,
			"children": [6]
		},
		7,
		8,
		9,
		{
			"name": "roll",
			"origin": [8, 4.5, 7.5],
			"color": 0,
			"children": [10, 11, 12, 13, 14, 15, 16, 17]
		},
		{
			"name": "shaft",
			"origin": [8, 8, 8],
			"color": 0,
			"children": [18]
		}
	]
}