{
	"credit": "Made with Blockbench",
	"parent": "block/block",
	"texture_size": [64, 64],
	"textures": {
		"6": "prettypipes:block/craftingterminal",
		"particle": "prettypipes:block/craftingterminal"
	},
	"elements": [
		{
			"from": [0, 0, 0],
			"to": [16, 2, 16],
			"faces": {
				"north": {"uv": [4, 7.5, 8, 8], "texture": "#6"},
				"east": {"uv": [4, 7.5, 8, 8], "texture": "#6"},
				"south": {"uv": [4, 7.5, 8, 8], "texture": "#6"},
				"west": {"uv": [4, 7.5, 8, 8], "texture": "#6"},
				"up": {"uv": [4, 4, 0, 0], "texture": "#6"},
				"down": {"uv": [4, 4, 0, 8], "texture": "#6"}
			}
		},
		{
			"from": [0, 14, 0],
			"to": [16, 16, 16],
			"faces": {
				"north": {"uv": [7.5, 4, 11.5, 4.5], "texture": "#6"},
				"east": {"uv": [7.5, 4, 11.5, 4.5], "texture": "#6"},
				"south": {"uv": [7.5, 4, 11.5, 4.5], "texture": "#6"},
				"west": {"uv": [7.5, 4, 11.5, 4.5], "texture": "#6"},
				"up": {"uv": [8, 4, 4, 0], "texture": "#6"},
				"down": {"uv": [4, 0, 0, 4], "texture": "#6"}
			}
		},
		{
			"from": [1, 1, 1],
			"to": [15, 15, 15],
			"faces": {
				"north": {"uv": [4, 4, 7.5, 7.5], "texture": "#6"},
				"east": {"uv": [4, 4, 7.5, 7.5], "texture": "#6"},
				"south": {"uv": [4, 4, 7.5, 7.5], "texture": "#6"},
				"west": {"uv": [4, 4, 7.5, 7.5], "texture": "#6"}
			}
		},
		{
			"from": [0, 2, 0],
			"to": [2, 14, 2],
			"faces": {
				"north": {"uv": [7.5, 4.5, 8, 7.5], "texture": "#6"},
				"east": {"uv": [0, 8, 0.5, 11], "texture": "#6"},
				"south": {"uv": [7.5, 4.5, 8, 7.5], "texture": "#6"},
				"west": {"uv": [0, 8, 0.5, 11], "texture": "#6"},
				"up": {"uv": [8.5, 0.5, 8, 0], "texture": "#6"},
				"down": {"uv": [1, 8, 0.5, 8.5], "texture": "#6"}
			}
		},
		{
			"from": [14, 2, 0],
			"to": [16, 14, 2],
			"rotation": {"angle": 0, "axis": "y", "origin": [8, 8, 8]},
			"faces": {
				"north": {"uv": [0, 8, 0.5, 11], "texture": "#6"},
				"east": {"uv": [7.5, 4.5, 8, 7.5], "texture": "#6"},
				"south": {"uv": [0, 8, 0.5, 11], "texture": "#6"},
				"west": {"uv": [7.5, 4.5, 8, 7.5], "texture": "#6"},
				"up": {"uv": [8.5, 1, 8, 0.5], "texture": "#6"},
				"down": {"uv": [1.5, 8, 1, 8.5], "texture": "#6"}
			}
		},
		{
			"from": [0, 2, 14],
			"to": [2, 14, 16],
			"rotation": {"angle": 0, "axis": "y", "origin": [8, 8, 8]},
			"faces": {
				"north": {"uv": [0, 8, 0.5, 11], "texture": "#6"},
				"east": {"uv": [7.5, 4.5, 8, 7.5], "texture": "#6"},
				"south": {"uv": [0, 8, 0.5, 11], "texture": "#6"},
				"west": {"uv": [7.5, 4.5, 8, 7.5], "texture": "#6"},
				"up": {"uv": [8.5, 1.5, 8, 1], "texture": "#6"},
				"down": {"uv": [2, 8, 1.5, 8.5], "texture": "#6"}
			}
		},
		{
			"from": [14, 2, 14],
			"to": [16, 14, 16],
			"rotation": {"angle": 0, "axis": "y", "origin": [8, 8, 8]},
			"faces": {
				"north": {"uv": [7.5, 4.5, 8, 7.5], "texture": "#6"},
				"east": {"uv": [0, 8, 0.5, 11], "texture": "#6"},
				"south": {"uv": [7.5, 4.5, 8, 7.5], "texture": "#6"},
				"west": {"uv": [0, 8, 0.5, 11], "texture": "#6"},
				"up": {"uv": [8.5, 2, 8, 1.5], "texture": "#6"},
				"down": {"uv": [2.5, 8, 2, 8.5], "texture": "#6"}
			}
		}
	]
}