{
	"credit": "Made with Blockbench",
	"parent": "block/block",
	"texture_size": [64, 64],
	"textures": {
		"4": "prettypipes:block/itemterminal",
		"particle": "prettypipes:block/itemterminal"
	},
	"elements": [
		{
			"from": [0, 0, 0],
			"to": [16, 2, 16],
			"faces": {
				"north": {"uv": [8, 1, 12, 1.5], "texture": "#4"},
				"east": {"uv": [8, 1, 12, 1.5], "texture": "#4"},
				"south": {"uv": [8, 1, 12, 1.5], "texture": "#4"},
				"west": {"uv": [8, 1, 12, 1.5], "texture": "#4"},
				"up": {"uv": [4, 4, 0, 0], "texture": "#4"},
				"down": {"uv": [4, 4, 0, 8], "texture": "#4"}
			}
		},
		{
			"from": [0, 14, 0],
			"to": [16, 16, 16],
			"faces": {
				"north": {"uv": [8, 1.5, 12, 2], "texture": "#4"},
				"east": {"uv": [8, 1.5, 12, 2], "texture": "#4"},
				"south": {"uv": [8, 1.5, 12, 2], "texture": "#4"},
				"west": {"uv": [8, 1.5, 12, 2], "texture": "#4"},
				"up": {"uv": [8, 4, 4, 0], "texture": "#4"},
				"down": {"uv": [8, 4, 4, 8], "texture": "#4"}
			}
		},
		{
			"from": [1, 11, 1],
			"to": [15, 15, 15],
			"faces": {
				"north": {"uv": [8, 0, 11.5, 1], "texture": "#4"},
				"east": {"uv": [8, 0, 11.5, 1], "texture": "#4"},
				"south": {"uv": [8, 0, 11.5, 1], "texture": "#4"},
				"west": {"uv": [8, 0, 11.5, 1], "texture": "#4"}
			}
		},
		{
			"from": [1, 1, 1],
			"to": [15, 11, 15],
			"faces": {
				"north": {"uv": [0, 8, 3.5, 10.5], "texture": "#4"},
				"east": {"uv": [0, 8, 3.5, 10.5], "texture": "#4"},
				"south": {"uv": [0, 8, 3.5, 10.5], "texture": "#4"},
				"west": {"uv": [0, 8, 3.5, 10.5], "texture": "#4"}
			}
		},
		{
			"from": [0, 2, 0],
			"to": [2, 14, 2],
			"faces": {
				"north": {"uv": [8, 2, 8.5, 5], "texture": "#4"},
				"east": {"uv": [3.5, 8, 4, 11], "texture": "#4"},
				"south": {"uv": [8, 2, 8.5, 5], "texture": "#4"},
				"west": {"uv": [3.5, 8, 4, 11], "texture": "#4"},
				"up": {"uv": [5.5, 8.5, 5, 8], "texture": "#4"},
				"down": {"uv": [8.5, 5, 8, 5.5], "texture": "#4"}
			}
		},
		{
			"from": [14, 2, 0],
			"to": [16, 14, 2],
			"rotation": {"angle": 0, "axis": "y", "origin": [8, 8, 8]},
			"faces": {
				"north": {"uv": [3.5, 8, 4, 11], "texture": "#4"},
				"east": {"uv": [8, 2, 8.5, 5], "texture": "#4"},
				"south": {"uv": [3.5, 8, 4, 11], "texture": "#4"},
				"west": {"uv": [8, 2, 8.5, 5], "texture": "#4"},
				"up": {"uv": [6, 8.5, 5.5, 8], "texture": "#4"},
				"down": {"uv": [8.5, 5.5, 8, 6], "texture": "#4"}
			}
		},
		{
			"from": [0, 2, 14],
			"to": [2, 14, 16],
			"rotation": {"angle": 0, "axis": "y", "origin": [8, 8, 8]},
			"faces": {
				"north": {"uv": [3.5, 8, 4, 11], "texture": "#4"},
				"east": {"uv": [8, 2, 8.5, 5], "texture": "#4"},
				"south": {"uv": [3.5, 8, 4, 11], "texture": "#4"},
				"west": {"uv": [8, 2, 8.5, 5], "texture": "#4"},
				"up": {"uv": [6.5, 8.5, 6, 8], "texture": "#4"},
				"down": {"uv": [8.5, 6, 8, 6.5], "texture": "#4"}
			}
		},
		{
			"from": [14, 2, 14],
			"to": [16, 14, 16],
			"rotation": {"angle": 0, "axis": "y", "origin": [8, 8, 8]},
			"faces": {
				"north": {"uv": [8, 2, 8.5, 5], "texture": "#4"},
				"east": {"uv": [3.5, 8, 4, 11], "texture": "#4"},
				"south": {"uv": [8, 2, 8.5, 5], "texture": "#4"},
				"west": {"uv": [3.5, 8, 4, 11], "texture": "#4"},
				"up": {"uv": [7, 8.5, 6.5, 8], "texture": "#4"},
				"down": {"uv": [8.5, 6.5, 8, 7], "texture": "#4"}
			}
		}
	]
}