{
	"credit": "Made by moromorochan with Blockbench",
	"texture_size": [24, 16],
	"textures": {
		"0": "prettypipes:block/pipe",
		"particle": "prettypipes:block/pipe"
	},
	"elements": [
		{
			"from": [4, 4, 0],
			"to": [6.025, 12, 5],
			"rotation": {"angle": 0, "axis": "y", "origin": [4, 10, 0]},
			"faces": {
				"north": {"uv": [8.66667, 8, 10, 16], "texture": "#0"},
				"east": {"uv": [0, 8, 5.33333, 13], "rotation": 270, "texture": "#0"},
				"south": {"uv": [4.66667, 8, 6, 16], "texture": "#0"},
				"west": {"uv": [10.66667, 9, 16, 14], "rotation": 90, "texture": "#0"},
				"up": {"uv": [14.66667, 9, 16, 14], "rotation": 180, "texture": "#0"},
				"down": {"uv": [10.66667, 9, 12, 14], "texture": "#0"}
			}
		},
		{
			"from": [9.975, 4, 0],
			"to": [12, 12, 5],
			"rotation": {"angle": 0, "axis": "y", "origin": [10, 10, 0]},
			"faces": {
				"north": {"uv": [4.66667, 8, 6, 16], "texture": "#0"},
				"east": {"uv": [10.66667, 9, 16, 14], "rotation": 270, "texture": "#0"},
				"south": {"uv": [8.66667, 8, 10, 16], "texture": "#0"},
				"west": {"uv": [0, 8, 5.33333, 13], "rotation": 90, "texture": "#0"},
				"up": {"uv": [10.66667, 9, 12, 14], "rotation": 180, "texture": "#0"},
				"down": {"uv": [14.66667, 9, 16, 14], "texture": "#0"}
			}
		},
		{
			"from": [6, 9.975, 0],
			"to": [10, 12, 5],
			"rotation": {"angle": 0, "axis": "y", "origin": [7, 10, 0]},
			"faces": {
				"north": {"uv": [6, 8, 8.66667, 10], "texture": "#0"},
				"east": {"uv": [14.66667, 9, 16, 14], "rotation": 270, "texture": "#0"},
				"south": {"uv": [6, 8, 8.66667, 10], "texture": "#0"},
				"west": {"uv": [10.66667, 9, 12, 14], "rotation": 90, "texture": "#0"},
				"up": {"uv": [12, 9, 14.66667, 14], "rotation": 180, "texture": "#0"},
				"down": {"uv": [1.33333, 8, 4, 13], "texture": "#0"}
			}
		},
		{
			"from": [6, 4, 0],
			"to": [10, 6.025, 5],
			"rotation": {"angle": 0, "axis": "y", "origin": [7, 4, 0]},
			"faces": {
				"north": {"uv": [6, 14, 8.66667, 16], "texture": "#0"},
				"east": {"uv": [10.66667, 9, 12, 14], "rotation": 270, "texture": "#0"},
				"south": {"uv": [6, 14, 8.66667, 16], "texture": "#0"},
				"west": {"uv": [14.66667, 9, 16, 14], "rotation": 90, "texture": "#0"},
				"up": {"uv": [1.33333, 8, 4, 13], "rotation": 180, "texture": "#0"},
				"down": {"uv": [12, 9, 14.66667, 14], "texture": "#0"}
			}
		},
		{
			"from": [4.025, 4.025, -1.975],
			"to": [6.025, 11.975, 0],
			"rotation": {"angle": 0, "axis": "y", "origin": [4, 10, -5]},
			"faces": {
				"north": {"uv": [8.66667, 8, 10, 16], "texture": "#0"},
				"east": {"uv": [0, 13, 5.33333, 15], "rotation": 270, "texture": "#0"},
				"south": {"uv": [4.66667, 8, 6, 16], "texture": "#0"},
				"west": {"uv": [10.66667, 14, 16, 16], "rotation": 90, "texture": "#0"},
				"up": {"uv": [14.66667, 14, 16, 16], "rotation": 180, "texture": "#0"},
				"down": {"uv": [10.66667, 14, 12, 16], "texture": "#0"}
			}
		},
		{
			"from": [9.975, 4.025, -1.975],
			"to": [11.975, 11.975, 0],
			"rotation": {"angle": 0, "axis": "y", "origin": [10, 10, -5]},
			"faces": {
				"north": {"uv": [4.66667, 8, 6, 16], "texture": "#0"},
				"east": {"uv": [10.66667, 14, 16, 16], "rotation": 270, "texture": "#0"},
				"south": {"uv": [8.66667, 8, 10, 16], "texture": "#0"},
				"west": {"uv": [0, 13, 5.33333, 15], "rotation": 90, "texture": "#0"},
				"up": {"uv": [10.66667, 14, 12, 16], "rotation": 180, "texture": "#0"},
				"down": {"uv": [14.66667, 14, 16, 16], "texture": "#0"}
			}
		},
		{
			"from": [6, 9.975, -1.975],
			"to": [10, 11.975, 0],
			"rotation": {"angle": 0, "axis": "y", "origin": [7, 10, -5]},
			"faces": {
				"north": {"uv": [6, 8, 8.66667, 10], "texture": "#0"},
				"east": {"uv": [14.66667, 14, 16, 16], "rotation": 270, "texture": "#0"},
				"south": {"uv": [6, 8, 8.66667, 10], "texture": "#0"},
				"west": {"uv": [10.66667, 14, 12, 16], "rotation": 90, "texture": "#0"},
				"up": {"uv": [12, 14, 14.66667, 16], "rotation": 180, "texture": "#0"},
				"down": {"uv": [1.33333, 13, 4, 15], "texture": "#0"}
			}
		},
		{
			"from": [6, 6, -0.05],
			"to": [10, 10, 2],
			"rotation": {"angle": 0, "axis": "y", "origin": [6, 6, 0]},
			"faces": {
				"north": {"uv": [6.33333, 1.5, 9, 5.5], "texture": "#0"},
				"east": {"uv": [6.33333, 1.5, 6.33333, 5.5], "texture": "#0"},
				"south": {"uv": [6.33333, 1.5, 9, 5.5], "texture": "#0"},
				"west": {"uv": [6.33333, 1.5, 6.33333, 5.5], "texture": "#0"},
				"up": {"uv": [6.33333, 1.5, 9, 1.5], "texture": "#0"},
				"down": {"uv": [6.33333, 1.5, 9, 1.5], "texture": "#0"}
			}
		},
		{
			"from": [6, 4.025, -1.975],
			"to": [10, 6.025, 0],
			"rotation": {"angle": 0, "axis": "y", "origin": [7, 4, -5]},
			"faces": {
				"north": {"uv": [6, 14, 8.66667, 16], "texture": "#0"},
				"east": {"uv": [10.66667, 14, 12, 16], "rotation": 270, "texture": "#0"},
				"south": {"uv": [6, 14, 8.66667, 16], "texture": "#0"},
				"west": {"uv": [14.66667, 14, 16, 16], "rotation": 90, "texture": "#0"},
				"up": {"uv": [1.33333, 13, 4, 15], "rotation": 180, "texture": "#0"},
				"down": {"uv": [12, 14, 14.66667, 16], "texture": "#0"}
			}
		}
	],
	"groups": [
		{
			"name": "group",
			"origin": [7, 4, -5],
			"color": 0,
			"children": [0, 1, 2, 3, 4, 5, 6, 7, 8]
		}
	]
}