{
	"credit": "Made with Blockbench",
	"parent": "block/block",
	"texture_size": [32, 32],
	"textures": {
		"4": "prettypipes:block/fan",
		"5": "prettypipes:block/pressurizer",
		"particle": "prettypipes:block/pressurizer"
	},
	"elements": [
		{
			"from": [0, 0, 0],
			"to": [16, 2, 16],
			"faces": {
				"north": {"uv": [8, 7, 16, 8], "texture": "#5"},
				"east": {"uv": [8, 7, 16, 8], "texture": "#5"},
				"south": {"uv": [8, 7, 16, 8], "texture": "#5"},
				"west": {"uv": [8, 7, 16, 8], "texture": "#5"},
				"up": {"uv": [8, 8, 0, 0], "texture": "#5"},
				"down": {"uv": [8, 0, 0, 8], "texture": "#5"}
			}
		},
		{
			"from": [0, 14, 0],
			"to": [16, 16, 16],
			"faces": {
				"north": {"uv": [8, 8, 16, 9], "texture": "#5"},
				"east": {"uv": [8, 8, 16, 9], "texture": "#5"},
				"south": {"uv": [8, 8, 16, 9], "texture": "#5"},
				"west": {"uv": [8, 8, 16, 9], "texture": "#5"},
				"up": {"uv": [8, 16, 0, 8], "texture": "#5"},
				"down": {"uv": [8, 0, 0, 8], "texture": "#5"}
			}
		},
		{
			"from": [1, 1, 1],
			"to": [15, 15, 15],
			"faces": {
				"north": {"uv": [0, 0, 16, 16], "texture": "#4"},
				"east": {"uv": [0, 0, 16, 16], "texture": "#4"},
				"south": {"uv": [0, 0, 16, 16], "texture": "#4"},
				"west": {"uv": [0, 0, 16, 16], "texture": "#4"}
			}
		},
		{
			"from": [0, 2, 0],
			"to": [2, 14, 2],
			"faces": {
				"north": {"uv": [8, 9, 9, 15], "texture": "#5"},
				"east": {"uv": [9, 9, 10, 15], "texture": "#5"},
				"south": {"uv": [8, 9, 9, 15], "texture": "#5"},
				"west": {"uv": [9, 9, 10, 15], "texture": "#5"},
				"up": {"uv": [11, 10, 10, 9], "texture": "#5"},
				"down": {"uv": [11, 10, 10, 11], "texture": "#5"}
			}
		},
		{
			"from": [14, 2, 0],
			"to": [16, 14, 2],
			"rotation": {"angle": 0, "axis": "y", "origin": [8, 8, 8]},
			"faces": {
				"north": {"uv": [9, 9, 10, 15], "texture": "#5"},
				"east": {"uv": [8, 9, 9, 15], "texture": "#5"},
				"south": {"uv": [9, 9, 10, 15], "texture": "#5"},
				"west": {"uv": [8, 9, 9, 15], "texture": "#5"},
				"up": {"uv": [12, 10, 11, 9], "texture": "#5"},
				"down": {"uv": [11, 11, 10, 12], "texture": "#5"}
			}
		},
		{
			"from": [0, 2, 14],
			"to": [2, 14, 16],
			"rotation": {"angle": 0, "axis": "y", "origin": [8, 8, 8]},
			"faces": {
				"north": {"uv": [9, 9, 10, 15], "texture": "#5"},
				"east": {"uv": [8, 9, 9, 15], "texture": "#5"},
				"south": {"uv": [9, 9, 10, 15], "texture": "#5"},
				"west": {"uv": [8, 9, 9, 15], "texture": "#5"},
				"up": {"uv": [12, 11, 11, 10], "texture": "#5"},
				"down": {"uv": [12, 11, 11, 12], "texture": "#5"}
			}
		},
		{
			"from": [14, 2, 14],
			"to": [16, 14, 16],
			"rotation": {"angle": 0, "axis": "y", "origin": [8, 8, 8]},
			"faces": {
				"north": {"uv": [8, 9, 9, 15], "texture": "#5"},
				"east": {"uv": [9, 9, 10, 15], "texture": "#5"},
				"south": {"uv": [8, 9, 9, 15], "texture": "#5"},
				"west": {"uv": [9, 9, 10, 15], "texture": "#5"},
				"up": {"uv": [13, 10, 12, 9], "texture": "#5"},
				"down": {"uv": [11, 12, 10, 13], "texture": "#5"}
			}
		}
	]
}